temperature,vibration,current,rpm,fault_type
65.32108521920715,2.8899311116685418,8.969842739988849,1427.9295133447529,NORMAL
82.84402582419928,5.330093356090667,7.733350212901261,1377.3196775072288,VIBRATION_FAULT
67.0233048914379,2.590335486895416,7.525357966035773,1478.621475910502,NORMAL
74.26494284839073,5.919625111381829,9.162390860839789,1466.9032093299868,VIBRATION_FAULT
65.83319357553209,2.5777980871249344,9.035103440368287,1462.5565882537876,NORMAL
77.7028674376498,4.720998298475546,9.73606094169576,1370.7948671334293,VIBRATION_FAULT
67.8690703848201,3.063152513394483,9.700652477690424,1431.4328126687847,NORMAL
89.26154814398774,2.8525363303151874,7.393852043068194,1415.2344051087011,OVERHEATING
80.2715625987336,5.303645191451178,7.746775363648188,1353.6386606517187,VIBRATION_FAULT
71.49896787425462,2.430909287370574,7.1172747115552015,1477.1404250467945,NORMAL
93.06218017407363,6.42234971255591,12.677490924324795,1313.610035217567,CRITICAL_FAULT
71.39784178469023,3.0478079623962255,8.312727611157083,1491.7072560367017,NORMAL
65.18371814149914,2.3918892700388845,8.723824156822829,1476.0763912146374,NORMAL
75.26457767031782,2.4743096017682698,8.059410061753818,1499.2878095489632,NORMAL
75.81470043591057,2.7490109394692253,8.009482254516024,1459.5844296649282,NORMAL
81.32980844516015,2.2038883504026927,10.091613937679709,1400.0985156136778,OVERHEATING
69.04498910632397,1.9931598221122353,8.867487756058882,1491.7259652632174,NORMAL
71.8153245301821,1.5061949679763897,9.926495806495371,1435.6192335518656,NORMAL
82.260571611672,4.576844822187347,7.805554373595918,1417.7728302814194,VIBRATION_FAULT
68.44955218970196,2.073849113898002,8.783956430766382,1488.1584196870372,NORMAL
88.76475547044403,2.4183879106786383,7.143835399182841,1456.2255353246094,OVERHEATING
88.74631930025363,2.9296605860274174,7.542085249241341,1441.602644098919,OVERHEATING
73.79090431434341,3.9008834719790295,9.653796368840068,1258.7264954564255,RPM_FAULT
72.08682585512211,3.352808669212747,11.018359809566398,1325.9884528143323,OVERCURRENT
74.89816277664906,3.351910453088887,11.483119939691736,1234.7889519126093,RPM_FAULT
82.87751215905195,5.982771542451362,7.530166471260586,1439.1677240029862,VIBRATION_FAULT
65.77842271344633,2.0870864555405424,8.622854588817725,1459.2389824525612,NORMAL
92.06390396663049,4.558921180319002,13.08599970779904,1196.893983276776,CRITICAL_FAULT
76.96333514813657,4.2145433581956375,7.625044686870176,1363.9621493716274,VIBRATION_FAULT
69.40827406656054,1.5203243341448958,7.646464345974827,1410.6337616040983,NORMAL
90.39461675862276,5.555516713466422,13.14205732616023,1241.9872387538207,CRITICAL_FAULT
65.25708546434531,2.2233479970318806,7.654273015078271,1404.1645714974898,NORMAL
76.49178114253294,2.5384935046680415,8.705882486609543,1473.3566404573858,NORMAL
73.54019387350749,2.8347648113741264,9.41498456724937,1400.9843551547842,NORMAL
73.36958321162574,5.766496914351592,10.476321489296613,1478.583986614534,VIBRATION_FAULT
71.1439888427508,1.7886632364598332,8.58479092837156,1405.7563535080385,NORMAL
98.64283746976044,6.694276855977816,12.036458131911386,1254.7989825224968,CRITICAL_FAULT
85.01625916308063,3.319004147788392,8.807886713917013,1484.9044732674245,OVERHEATING
67.73920376877152,1.7705237315574245,8.214259821696562,1463.3670720259531,NORMAL
96.41627351180576,5.163368660647663,12.447357766129425,1172.844329402731,CRITICAL_FAULT
78.86388435123709,4.388910280508647,9.002767623175874,1364.8918928207752,VIBRATION_FAULT
77.10130396218014,2.9735010775147215,9.279614339360467,1449.7052116202176,NORMAL
70.56553801064622,1.677121503062384,8.150854053476131,1499.349141272094,NORMAL
75.01425039629451,2.8498015558259002,8.04976123144659,1403.0388192717728,NORMAL
79.88862293627962,2.3250606217416268,9.430088369731406,1289.4899680926887,RPM_FAULT
75.12853123498638,2.3632299547637223,8.917659427924374,1411.2771500067454,NORMAL
73.26976075115374,2.4940211296761636,7.141823597698037,1497.9246238507874,NORMAL
65.77134837029959,2.592871844436404,9.151840479961646,1457.6475504919758,NORMAL
74.44558688376647,2.8329543166516853,11.616003856219896,1467.61354352479,OVERCURRENT
74.58409970130336,2.445308085817809,8.49371096051691,1426.3395779578373,NORMAL
77.75180688796544,2.117274035513045,7.869767138024706,1479.7951283945665,NORMAL
80.7963773932642,5.909932472942748,8.517788067708384,1395.9215423982412,VIBRATION_FAULT
70.14046489408565,2.398043013058593,7.98704799628592,1477.5309344149482,NORMAL
74.67965398052306,5.732453286821016,9.961457657996363,1430.40727918604,VIBRATION_FAULT
96.43223242760592,6.071868834273884,11.378045198768348,1302.4058126928767,CRITICAL_FAULT
75.53463673804592,1.6606472699037977,8.949216460991806,1462.3940914992115,NORMAL
91.22326427616929,2.0426565615437746,8.980756774959993,1499.2757284963122,OVERHEATING
69.62841769154294,3.0535940892126243,9.106816302530166,1477.4972531231886,NORMAL
87.29651178275766,2.7023122571771516,9.194949750377532,1409.7625511703848,OVERHEATING
68.56411343009006,1.888494226393807,7.2809495914364994,1423.9271200151848,NORMAL
93.42221921251493,2.397830778876865,7.529108132181773,1404.6883835092988,OVERHEATING
76.90999675516827,2.7107631226291335,7.715142757971217,1442.8773683685292,NORMAL
70.48046186628224,2.043595034831052,9.012747506906614,1437.9656590374077,NORMAL
91.34729346386911,2.686762871576043,8.957132416842075,1424.5466346172634,OVERHEATING
86.8053368126606,6.529196620712334,12.826147256691142,1182.519512574829,CRITICAL_FAULT
75.0834687720675,2.840249323949376,8.269622387211697,1460.0754197291947,NORMAL
65.40324720270144,2.0024186749222617,9.05078974712999,1406.4570037296553,NORMAL
76.2936356097032,4.025408084488014,11.90302541349506,1252.3373168521814,RPM_FAULT
74.66008664673112,2.341981108930615,9.156576341015688,1454.4659934665879,NORMAL
68.06377569842726,2.8306309540271664,8.765238101079747,1419.89295876597,NORMAL
73.63904011082772,2.4287364070158466,8.605356558059938,1441.9498910249247,NORMAL
72.99899051844189,1.6797186835970856,7.915857944857217,1404.8440074289254,NORMAL
74.73772761968699,2.3696088224527125,7.972380248580802,1472.8862879084775,NORMAL
74.18460648646138,2.6700079162506545,7.2596841868582915,1404.7547591206387,NORMAL
65.9050206630708,2.419689403646845,9.428464668484827,1484.122786196186,NORMAL
81.0978683812983,2.270706998517981,13.646551666311192,1328.5692354171692,OVERCURRENT
74.14232234008385,2.155151689314045,10.67666578139212,1360.3930858363428,OVERCURRENT
70.2157672612348,1.8005361407980118,7.062729009832815,1452.2270348862367,NORMAL
83.17578938933474,4.801377982498426,8.352781128650738,1399.3636936373725,VIBRATION_FAULT
65.04328801819746,2.4249533583875085,7.438281529186231,1403.7573967711987,NORMAL
79.65542567626512,2.3912244431010232,10.613288036904205,1435.5684409992148,OVERCURRENT
74.54123383926613,4.157540859359868,9.240732457021823,1202.2397805372714,RPM_FAULT
80.46767307720873,4.284573922630049,8.922811191679106,1417.358278815891,VIBRATION_FAULT
83.89915075063463,2.149292981559805,8.015633196339689,1414.1736706990118,OVERHEATING
70.62416989204252,1.9899144592316622,8.40134819472803,1410.7386890098874,NORMAL
75.30433185221598,2.067439762334206,7.196819418105196,1414.5725745631348,NORMAL
70.16112226920819,2.965646213339171,9.889849093510161,1446.329177285783,NORMAL
70.41751584215997,3.0563086952469405,8.475819374177862,1436.6795597719588,NORMAL
75.61774328987694,3.1885141942461983,8.542365136214876,1447.2980428143128,NORMAL
76.20980118518851,3.588786455223707,9.75776112564221,1443.219736836655,VIBRATION_FAULT
77.0031297131176,3.9133254247160787,8.837067842406373,1357.4743953143977,VIBRATION_FAULT
73.60419580546807,3.934812653421064,8.238627842735877,1355.6498859891315,RPM_FAULT
84.18567392810765,2.3433972072838496,8.4738829758915,1433.8670225377532,OVERHEATING
91.16125377186995,2.275302540387907,8.514402573878343,1383.0962820271207,OVERHEATING
70.27463786677846,1.861065631485186,7.953946299287144,1404.8224554922704,NORMAL
80.49927116007059,2.95696978919758,11.484116798981447,1305.468874623321,OVERCURRENT
91.14015750412457,3.4103041876797118,8.218988966813857,1396.4159473399282,OVERHEATING
99.07486347486554,4.199794429626771,13.976825951664168,1202.870109120879,CRITICAL_FAULT
76.7758921074639,2.842226107350854,9.757688757299979,1457.7019176424667,NORMAL
77.98926291091098,2.6076761440957696,9.138050641701916,1487.9410846471449,NORMAL
84.84375128883322,4.287100403629904,10.117252276955998,1362.612269168573,RPM_FAULT
66.74247640896748,2.7588292877727993,7.864596487622484,1458.362851641588,NORMAL
74.82632693789138,2.3994494358553258,8.678838120714845,1479.8157509173834,NORMAL
80.53399269015422,3.9668985115175808,9.315089457336573,1301.625801178846,RPM_FAULT
76.02491448824179,2.6031214618584526,8.862627334337557,1465.0005677452866,NORMAL
74.11995450319671,2.811778334904226,13.637552767009877,1396.788950964381,OVERCURRENT
94.96896549204853,4.769994427004346,13.063099287911703,1341.0556029348745,CRITICAL_FAULT
72.48390849320771,5.671631201670119,9.550235603471505,1437.0718277703263,VIBRATION_FAULT
79.40267410520288,4.510521803304255,8.46754129381319,1471.7167233325333,VIBRATION_FAULT
80.58314236953836,5.703218489313906,8.059114415166796,1396.6406744051437,VIBRATION_FAULT
73.17620071870941,1.5375848287954177,9.689050635606266,1497.1212002704863,NORMAL
82.43752734259951,4.30419785469611,8.145861507713194,1443.6052657307096,VIBRATION_FAULT
84.01697453680745,3.742879186808356,7.486701302342666,1414.6985430268335,VIBRATION_FAULT
93.73778774800385,3.4052189137116082,9.970524152727418,1383.8132670906261,OVERHEATING
75.46388525371914,2.3231233612530238,8.486674477103538,1447.2627999341896,NORMAL
81.12810448012588,2.2689501453175014,13.488345263217075,1321.7344940545072,OVERCURRENT
68.22573189437782,1.7053315338188384,9.957934200844058,1492.6226342102268,NORMAL
89.65032084473422,6.384548113131167,13.3839979719131,1292.112491080952,CRITICAL_FAULT
66.68969050811046,3.1933306102539447,8.625546500032979,1427.8991165442926,NORMAL
77.5099426102553,2.688772923457548,7.7105088442579355,1443.3458533103383,NORMAL
81.84425382800791,2.3239451151810817,10.525928379173864,1442.727967691665,OVERCURRENT
80.09960757461278,2.0407068683247696,7.111736085245965,1411.175631938891,OVERHEATING
85.32721056298908,5.367367329655038,13.130109243510447,1329.0140293824848,CRITICAL_FAULT
74.00730426854777,2.3455487435332674,11.011636230233641,1400.7159681171217,OVERCURRENT
67.80157381928063,1.946692146960756,7.206910928735956,1441.8687559158927,NORMAL
67.81957114593412,1.8147947468589576,9.301438750642557,1414.0702022673752,NORMAL
74.7861937448879,1.6941154078322012,7.576522052072111,1431.5858066550857,NORMAL
70.16686987812119,4.043302303288472,9.79846176078836,1368.455628399788,RPM_FAULT
72.26022727830225,4.577078477364912,9.453389956159826,1468.91877425437,VIBRATION_FAULT
82.19451491301135,3.250745940423342,9.584395677262194,1402.529853704692,OVERHEATING
66.92966205517786,1.5240377203483988,9.475425230839983,1422.9149896705355,NORMAL
81.52229454429343,3.0673066055400415,9.931795009750772,1459.818647671342,OVERHEATING
74.31960027236275,2.5528139112044506,11.481361873967954,1309.804384904718,OVERCURRENT
81.09124938457151,2.4711203053283093,8.849287952333587,1407.3736447996052,OVERHEATING
71.43128514666498,2.581897551000333,9.677978802479227,1410.598087899318,NORMAL
75.3692577769987,1.7561485095221414,8.052215646543097,1443.1724068541555,NORMAL
84.6407731323441,3.4118208477356133,10.2610451041067,1476.9621173822072,OVERHEATING
71.1840877588954,1.6364936618051849,9.763530270778265,1405.916442834039,NORMAL
74.34285174944311,1.7124378400864366,7.545987016911489,1414.3648249296366,NORMAL
76.91875525331577,3.7441910830565455,8.046948182338035,1360.3111566115297,VIBRATION_FAULT
93.25729582162523,2.2566977306848575,7.319965907305414,1405.0398519728442,OVERHEATING
80.73205781909068,2.820687293190584,9.91446502411388,1438.2467704539251,OVERHEATING
67.8095125855482,1.7588766609673216,7.92443402643595,1494.6892185917413,NORMAL
81.33942919065183,2.2109141698412396,7.707626086812868,1483.9512299009266,OVERHEATING
72.25711317436347,2.5784749102855615,12.126894942944922,1435.2374432017443,OVERCURRENT
88.82865766594304,4.533217611067487,13.218101823900007,1265.7752292295233,CRITICAL_FAULT
82.91723040252832,4.310788789111319,11.776206377327274,1332.076943087936,RPM_FAULT
77.82642449842798,2.428487206997884,12.969318788811403,1367.9545340127468,OVERCURRENT
77.52705664582282,3.078421602539401,8.028801672288516,1479.1065283131322,NORMAL
70.04687504317634,2.7818238666760067,8.304018291725388,1488.468723855964,NORMAL
85.4019644929705,6.718859830787173,13.101827931553583,1345.795893477629,CRITICAL_FAULT
83.97432016623566,2.721021608678703,7.0161044193604525,1421.0586336755262,OVERHEATING
81.76991504735521,3.524779613025561,8.691821809510898,1437.227661812598,VIBRATION_FAULT
75.71642096565772,2.224383232868683,8.811163589536935,1405.3863382645832,NORMAL
70.89483236706234,1.862807605423215,8.660275713691387,1472.5299868174077,NORMAL
65.92370176753886,3.1054690899018578,9.908702354107447,1497.6096500523986,NORMAL
91.50450596380921,2.7833182031905324,10.010991749931888,1415.9501055838523,OVERHEATING
78.29347370867575,3.7724238090949074,10.144240290412487,1381.3978459612551,RPM_FAULT
78.90304755634558,3.5859450162069555,8.499685911366313,1467.8528425576362,VIBRATION_FAULT
76.19113773592044,2.4028615088103513,10.72120900865954,1328.0574383990624,OVERCURRENT
79.12947864364928,5.548060998723204,7.773042734780786,1366.4436395852465,VIBRATION_FAULT
81.85035523079469,2.0433221924964364,11.22802524101288,1390.71248363825,OVERCURRENT
66.72409494126141,1.6977960157247804,7.429128282952401,1407.5945228776,NORMAL
68.08186285580642,2.29571378065345,9.361050908527119,1432.415330298103,NORMAL
74.4819850656435,3.1501757354211106,11.491679690394816,1457.9087823712778,OVERCURRENT
75.41129611408412,2.52802752849869,8.317232967132416,1415.4384409947604,NORMAL
72.51353069279868,2.8306611765198735,8.955951224339616,1497.5731807398888,NORMAL
77.42997147464565,2.0764131797155145,13.766354389644647,1394.5423788090357,OVERCURRENT
77.3569230041519,2.7087939916791997,8.617996793404576,1487.7849095747774,NORMAL
70.34042137994966,3.394819343045044,8.792217477869654,1381.324563117917,RPM_FAULT
78.8711162142133,4.236412472619083,10.736936750176284,1421.8909975454612,VIBRATION_FAULT
75.72995015273364,2.3308012294901217,7.42039517641462,1436.9115336087052,NORMAL
72.14157652104134,2.650599512440593,7.295763616168095,1448.6402800813262,NORMAL
71.82795373552592,2.915633227350802,9.04562360614252,1454.9754285226647,NORMAL
69.25836315329397,2.5871353700947033,9.923854681446242,1443.4642435381547,NORMAL
70.81977886640091,4.059380425329598,9.260217317187895,1330.055514574238,RPM_FAULT
90.45525936168818,4.87707413725923,12.413556179778121,1340.2390504419805,CRITICAL_FAULT
79.72503351310779,5.348145094752912,10.794553645346134,1420.9267509217132,VIBRATION_FAULT
92.78545049499577,4.620441001961916,13.262975340666568,1290.1406327427862,CRITICAL_FAULT
91.77475377558173,3.2047191011986467,7.949554837768261,1380.7104147968462,OVERHEATING
70.30096191335937,2.6764044031674583,9.692083301136478,1426.1690361931217,NORMAL
75.91267706675542,2.9561237555429063,7.789829374415157,1466.8549668667374,NORMAL
76.83965779440801,1.7432490423761293,8.15005132611056,1471.3196817524422,NORMAL
82.93911978180041,2.6067313801362024,8.631269099263754,1383.4090058207698,OVERHEATING
74.49477666743742,1.766552354277421,7.848239998973174,1497.8189020396267,NORMAL
67.7666770848667,2.9175513114002043,8.26354501765244,1462.0836697482503,NORMAL
73.62497228502862,3.16820458799467,8.988657152658803,1409.340426065532,NORMAL
70.45028296113156,2.549238267917466,8.868149516576349,1425.9781445649023,NORMAL
74.27209931452744,3.8011566787200533,9.278651704893283,1433.642653032424,VIBRATION_FAULT
73.42477294682969,3.634508993078394,8.356078405317074,1363.3924880523555,RPM_FAULT
76.2321259109711,3.4249140254221757,10.658808339972873,1462.6280205820933,OVERCURRENT
88.15172208525325,2.511978655577952,8.140881245422444,1491.8715789686955,OVERHEATING
72.47608554500164,2.6868246455699385,7.4295947176297155,1441.967360632002,NORMAL
92.10913962831795,3.100560672321308,8.103939372200582,1400.044893798599,OVERHEATING
73.41871092320999,1.646970328710095,9.466192730773312,1449.8981849344723,NORMAL
73.84566876854278,2.1840390759126715,7.387776016238823,1496.0557821153104,NORMAL
80.29472701393189,3.3748820930827548,10.104048814481065,1440.3620963837989,OVERHEATING
75.92644280540922,2.522767768202309,8.205717719658967,1428.8345334633132,NORMAL
75.30504710499763,3.6032515663608375,8.520168355592189,1245.616526352577,RPM_FAULT
69.64258519500241,1.780359152015449,9.583940925476925,1491.5224386604623,NORMAL
72.0888260485267,2.2582379953420095,11.056372846282684,1463.9276661061444,OVERCURRENT
74.29612341216989,1.9461711480206914,8.767747580293397,1403.3534641415597,NORMAL
97.37599325430733,6.757483554684182,14.288867862899343,1346.368517988305,CRITICAL_FAULT
69.31630598283026,2.80315625008521,8.628449669786836,1409.280936192336,NORMAL
75.70358044292155,1.689457447040744,9.770852530374853,1419.5783062305832,NORMAL
89.15368864584835,3.2921734792669684,8.416579986415329,1472.1963691737867,OVERHEATING
74.828000874038,4.06173681591994,9.737900957836747,1279.0255964639518,RPM_FAULT
65.2780332910561,2.9487061793652503,9.208939098045008,1461.680157379321,NORMAL
83.46955078277327,2.051908896758696,8.111145898512643,1401.6574541910834,OVERHEATING
84.35950696666004,2.9782488694181057,13.013726294648322,1369.2188262158902,OVERCURRENT
70.13131405466314,1.614725092453914,9.869296806377015,1454.9874446773176,NORMAL
92.23904265534642,3.3098140308724373,9.391026967841247,1495.407635136972,OVERHEATING
67.31239229750436,1.6686319456520924,9.000429515548321,1499.2851359688132,NORMAL
66.89667563158011,3.1852827549208786,7.701917652526017,1469.4718549950867,NORMAL
73.26426257775722,2.656221379106055,12.052763175513121,1357.4109683779964,OVERCURRENT
66.52003270811306,1.5294713705439602,9.703695189173727,1498.643793852033,NORMAL
78.63013453953252,3.0418550607057457,11.64249340418031,1232.5649222586462,RPM_FAULT
79.74749785848029,3.261791313515494,9.650673765888538,1324.8328671565744,RPM_FAULT
81.72322426356085,4.110570795182285,8.329441256283213,1223.1608024499214,RPM_FAULT
82.73142750574922,4.784166234803115,9.362610073445051,1377.1658981694238,VIBRATION_FAULT
82.19096598361173,2.7404907040503437,9.637328620260476,1386.3924881596015,OVERHEATING
92.71817350085318,2.0193303849978594,7.956113993499609,1441.008129443571,OVERHEATING
67.60137293201299,2.635364815560588,9.779368253826046,1454.8706038957791,NORMAL
67.14363850960429,2.8483872491091695,7.015306426230472,1499.449509126749,NORMAL
71.85640784951575,2.2180651980277677,8.239820698594839,1483.4291390931446,NORMAL
86.19270292978399,3.028001133910505,8.95751764530045,1422.753299990433,OVERHEATING
73.63410248146043,5.062510755521171,8.33660603169592,1434.6236290706072,VIBRATION_FAULT
84.94120813377552,2.681963560678913,11.821340122106863,1433.8779110607782,OVERCURRENT
74.31407493036205,2.810158857365953,8.364188705862093,1452.780271693106,NORMAL
75.1183855303904,3.7429833157282104,11.2103699832143,1313.198436487674,RPM_FAULT
90.83661996783476,2.125647003183408,10.360979238856022,1445.3654197121364,OVERHEATING
78.84819891686163,2.492901248816619,11.018323093566023,1351.063534537311,OVERCURRENT
75.69461976366783,2.252310029782235,7.0768386776438605,1469.4221444694751,NORMAL
75.83250556966044,3.376339430029156,8.790381947901402,1222.8888873869178,RPM_FAULT
92.04442248287316,3.211857493159921,10.267651662080626,1417.5311276002014,OVERHEATING
72.17756072748574,4.339929528605894,10.026510952336178,1383.3149642123885,VIBRATION_FAULT
81.20510867080449,4.9514793201042675,7.674586023508438,1404.2035702793403,VIBRATION_FAULT
75.24340041939597,4.337399161130912,8.562106881199234,1367.0002981752266,RPM_FAULT
88.46690835441326,2.672593585553461,7.55647201339503,1432.030805132201,OVERHEATING
77.56323730750829,2.160445001327416,8.981540924697459,1423.1728649792417,NORMAL
82.65750255194347,4.967129390804525,9.569525557864537,1418.7135336324468,VIBRATION_FAULT
68.90898391456503,1.7351882092313375,8.031376655342356,1414.3380466327549,NORMAL
83.22372532896752,4.466596382513,8.23134104617004,1310.0799759707581,RPM_FAULT
87.38939294184799,2.7346897889724824,7.650688517996161,1444.8265897804,OVERHEATING
74.24480939588193,2.083176681339701,9.835130433670729,1412.3750494584117,NORMAL
84.94728383392332,2.989345153664631,13.146988154600345,1447.9638999790584,OVERCURRENT
84.9548682788405,5.181379104178398,10.665411182740765,1431.0315239820466,VIBRATION_FAULT
67.86104497608483,3.045543930449285,7.484933683107816,1437.4023419975676,NORMAL
75.76551241059096,5.533341904957799,7.3857880040048,1387.3074382002249,VIBRATION_FAULT
71.63004541479093,1.882571598077104,7.995575193364493,1481.4623524554897,NORMAL
74.92832546292716,1.88914706620176,7.421897459223967,1478.2934746945014,NORMAL
67.69517851987479,2.6928108544733664,8.804453754242285,1487.4044612327646,NORMAL
89.96063016368699,6.026303502473396,14.431635343553491,1210.8271157908375,CRITICAL_FAULT
68.77336416357366,2.5023170478084475,9.49877426680263,1412.1753999656364,NORMAL
71.42226403723551,2.6343232544920188,9.066504162017168,1412.9923202230736,NORMAL
94.12210113035079,2.5480699114674015,8.536864791186233,1468.490363509881,OVERHEATING
71.99249097416285,2.6578443161198964,7.717331443097843,1437.6229084750514,NORMAL
86.02543024271937,6.678607037028314,14.490288001438314,1286.4347046075316,CRITICAL_FAULT
65.80713578765696,2.4425307115567056,9.9980935188091,1404.4832854015358,NORMAL
69.89997985537516,2.97024470339342,9.774560318877283,1412.2225760772099,NORMAL
81.60094855593341,5.323202751692612,10.370515593766584,1476.6483015593942,VIBRATION_FAULT
73.70328069151797,2.0193625271530333,7.174943051208166,1482.1054126164202,NORMAL
66.72565976382171,2.915257269718647,9.626166307407615,1493.8729105844807,NORMAL
80.82593300135728,2.590533524132474,8.34362607470107,1477.8519700888944,OVERHEATING
67.95640209502616,2.0158384711204316,8.427056141307727,1454.0561909814226,NORMAL
76.07797121474265,3.0459729179809947,8.617191210710287,1494.8393334233463,NORMAL
82.21977634870171,2.373419762909739,12.659038527939057,1385.5435576533657,OVERCURRENT
67.82964246997084,3.114339864859094,8.155078040631249,1491.4863367019075,NORMAL
74.1105568491769,4.243244171353811,10.118926206055475,1414.3985430262212,VIBRATION_FAULT
66.41848451985229,2.698296019770135,7.64925838167811,1436.7291564897537,NORMAL
80.91971685733624,4.894258123475656,10.674640102987142,1419.4124226882814,VIBRATION_FAULT
84.82975759761446,4.050262072155718,7.128881757324736,1360.091026966922,VIBRATION_FAULT
85.45184235296239,2.8709815137519543,9.442432720013203,1383.257803831814,OVERHEATING
79.45478283168697,4.130326288806851,7.14734099674258,1413.9325609109148,VIBRATION_FAULT
83.27742009168179,4.37040427660205,10.207462635267682,1422.5781546250394,VIBRATION_FAULT
68.30175484052417,2.860308679965446,7.7579641524828595,1419.8547869417496,NORMAL
72.81079978374234,2.9237304443226613,8.085721700772554,1455.2941522827223,NORMAL
73.59088359435205,2.7891090353288317,9.271145814718803,1449.3084650952492,NORMAL
76.3035245039168,2.7815846251415293,9.418060353214646,1471.9030689793033,NORMAL
72.80314413413494,1.6612753535017681,8.631072865063937,1447.4769939566627,NORMAL
80.88223391004027,4.245421983366602,7.507081265445943,1443.5643872252879,VIBRATION_FAULT
78.72768861840535,3.939194543082666,8.974322203162034,1355.119061489653,VIBRATION_FAULT
88.91154637004735,4.087907705279473,14.385735511390164,1307.993366101448,CRITICAL_FAULT
73.5091523661549,1.6471219297285196,7.3902973927746505,1455.6657183852826,NORMAL
89.05112791704323,2.1995370208300824,9.21566587465902,1386.3407931200795,OVERHEATING
69.30687466897457,2.9537852987688002,9.270353234567843,1498.7524539290841,NORMAL
76.47735902629387,2.8791308571087013,7.913512113244937,1414.9219051957539,NORMAL
71.83111701612162,1.851762071383881,8.842789645730047,1431.0884355646097,NORMAL
91.45966859892546,3.474122893838472,7.114631534725769,1413.562598278758,OVERHEATING
72.37144860899122,1.7101906449336695,8.49826010132384,1487.008860596772,NORMAL
76.72921665957843,1.9784229836428602,8.072679133555358,1486.6241658888266,NORMAL
83.60910123529263,2.066219330004248,13.952983069008889,1389.7223298071685,OVERCURRENT
86.04438048575486,2.6710589764529296,10.3276472532729,1411.5750766010428,OVERHEATING
87.98421242159198,3.2293545494059757,9.206543489696806,1403.736599662607,OVERHEATING
82.04425277331279,2.2816968520009895,7.122204810937921,1436.51094968497,OVERHEATING
76.2146253398279,2.8580039392590457,8.923984911074447,1438.851589006916,NORMAL
78.29382195967271,2.4541255578224526,8.64683521649996,1247.919794687037,RPM_FAULT
70.26050109377115,1.5129662929347667,8.593976952404347,1432.1897605290144,NORMAL
86.71087178543696,5.53895356526063,12.377613165307359,1219.2249146744207,CRITICAL_FAULT
78.84412082639678,4.837284906765056,10.141983774664109,1427.592241699473,VIBRATION_FAULT
77.7318210443263,3.6986979112648166,9.10021358815074,1236.978830041905,RPM_FAULT
82.29461890923882,2.9543995082141334,13.484528032278067,1397.474812617599,OVERCURRENT
77.58054815502506,2.1798824806016963,8.329838715672885,1477.8354017715815,NORMAL
86.684678647646,2.2843660489008824,8.18963365198256,1499.212766511761,OVERHEATING
83.41537088057432,4.660710332969016,10.567991386507988,1400.9146778849583,VIBRATION_FAULT
76.34672043871419,2.3252084998042006,10.798333174878065,1305.3504731563435,OVERCURRENT
82.54459028980365,4.264553150074944,8.987033908517153,1256.2132662277427,RPM_FAULT
83.95236372558296,5.386154105030244,9.744737408374396,1367.4495774647855,VIBRATION_FAULT
76.34731482459416,5.556458539469286,8.789570800751235,1441.6736353235322,VIBRATION_FAULT
73.4522695062018,2.5013342719390534,9.326038295750335,1491.0242269036748,NORMAL
75.7925869065066,1.5426731873718527,8.072426172993946,1487.6820366415766,NORMAL
70.60260263670997,2.6186701077050136,7.935408708563918,1435.9677014175368,NORMAL
66.54833736079344,2.198345341735334,8.139374637309572,1499.5225358731457,NORMAL
89.45310478223168,3.2866173211594285,8.3000866164577,1388.4976697490156,OVERHEATING
68.4065887640346,2.121461318245569,9.132768640750905,1420.5068358586489,NORMAL
71.27199744922521,1.9629790214658667,9.345052020990186,1429.787960443414,NORMAL
84.7119492948025,2.128872970649061,12.890196259951487,1339.2480148295351,OVERCURRENT
78.1167218502064,4.687623499230393,9.198113919911638,1457.3215071712686,VIBRATION_FAULT
70.9556793527621,2.6152651080950244,7.881680027851649,1443.9556802539062,NORMAL
65.39646964753052,2.5791944469032497,7.049450416280603,1487.6575800692124,NORMAL
93.8565489681608,5.267714664804455,12.207415591385633,1197.7408253612887,CRITICAL_FAULT
75.71059811215919,4.651664027214079,8.578189224264477,1402.7648161295017,VIBRATION_FAULT
71.76813225321412,2.43901205332071,7.145391887641056,1482.3398010534725,NORMAL
69.51290506443755,2.172932671432088,8.486701869578885,1438.8097725897185,NORMAL
83.29997446826081,2.452403435384997,9.616349333742257,1343.2528645771908,RPM_FAULT
99.02920038352728,6.84640295674656,12.311045232399767,1304.7405409175271,CRITICAL_FAULT
67.42278677443969,2.8781331539479718,8.755135492054281,1421.201626005809,NORMAL
78.63484806938602,5.533266672975472,10.874875736202068,1390.3028497564126,VIBRATION_FAULT
75.73201883866193,1.5948919809749242,9.24067821114663,1409.1920812754165,NORMAL
90.15394211406006,5.541693537196826,13.919618516290498,1174.2412419663642,CRITICAL_FAULT
69.74747243912046,2.124026961147557,9.69116577985031,1426.581681133012,NORMAL
74.39797359992228,2.0691210097334185,7.911067252703734,1486.1512443644167,NORMAL
73.62009077059435,2.550144727669604,8.65296723454404,1427.9214916514043,NORMAL
82.12465205372321,3.0869790081284982,7.820982880227868,1496.2542821667598,OVERHEATING
65.67194362969738,2.9524177454355947,7.6328280231127605,1416.0014439877748,NORMAL
81.18177535286482,2.3721273092142114,8.616077440917925,1248.9851294940117,RPM_FAULT
85.95627864624332,4.736533312339326,11.426151426744749,1313.467776052551,CRITICAL_FAULT
93.9189378811568,5.390831803301291,12.32127081511804,1323.0920012152637,CRITICAL_FAULT
66.72214119955177,1.7355470043214563,7.544771137643023,1410.0412589274986,NORMAL
81.84404064562027,3.13161778404205,9.024496405452247,1480.0521530123792,OVERHEATING
74.64444655629043,2.0731875258152357,8.212161020239696,1421.1046888328622,NORMAL
70.9164944506413,2.8113122214812036,8.528927435516986,1441.9759722591434,NORMAL
75.13325355473398,1.8739002710162236,7.507602450595762,1469.3418777709617,NORMAL
67.07140494636093,2.69788385213601,8.250448467378153,1418.1381705500412,NORMAL
72.7691547150517,5.704636866865505,7.647484071434004,1460.4560324502609,VIBRATION_FAULT
74.41530184871783,1.577279410183851,9.935634656272915,1457.2742832087636,NORMAL
74.48827184680383,2.7887938637568226,9.897514710752423,1425.7871791521356,NORMAL
69.88551706433464,2.5185789419602567,9.166469816691787,1453.8597751113134,NORMAL
79.91981216776688,2.495827494111305,10.033001055956706,1242.4960139848738,RPM_FAULT
77.47165590510363,3.024652923315296,8.416038808682554,1401.7571688983644,NORMAL
76.42411554035469,2.5923217698992533,9.651618173810023,1466.452478735508,NORMAL
68.56264019545756,2.1469906138026396,7.588337522928061,1452.7765114061026,NORMAL
77.30777150484302,2.3071561212048697,9.549242683648526,1384.6989685448189,RPM_FAULT
76.21137923202112,3.1179608699769195,8.499958853765902,1457.103313957173,NORMAL
73.17980781768709,3.116566990416799,9.106607680699529,1459.9407517905947,NORMAL
80.49028901361243,3.361105853769178,9.74460278459577,1473.8902391851584,OVERHEATING
70.12099129369503,2.9505998047589213,9.51324492394869,1352.6113138763044,RPM_FAULT
81.07158341191905,3.3191293719316874,8.176756843752575,1456.595780807654,OVERHEATING
72.40214317511013,3.440365553991369,13.509525951605728,1441.3798183187612,OVERCURRENT
70.42404641849238,2.7206220433072166,8.006599211419335,1468.1003798627353,NORMAL
93.33416861058893,3.2470639508511496,10.320032747203413,1497.2983230610114,OVERHEATING
65.22145755594306,2.135464813045968,9.549752920605755,1401.612702828063,NORMAL
88.42054051371379,2.8798676497038382,7.597026105894445,1481.91568642504,OVERHEATING
74.00883391838516,2.2381946456493353,7.006467466072049,1489.017113278921,NORMAL
67.86745592383829,2.3070044769232787,8.847779352123565,1422.995846106301,NORMAL
79.4985278946705,3.7684520387806733,8.074970311141287,1374.7934768972677,VIBRATION_FAULT
71.3280886397038,1.8623536409713708,8.874613538937608,1480.5547435673204,NORMAL
68.15395661317913,2.48821216295132,9.172524163862446,1401.7466249642575,NORMAL
72.65944946494884,2.2005063007714845,9.641591351697102,1491.5948104593162,NORMAL
75.81147272645994,3.287605192903751,11.09274291594226,1399.8423514589947,OVERCURRENT
72.05241550803288,2.5207258558658197,7.651442150030784,1419.9803318783313,NORMAL
75.72036435729935,3.027537309604515,11.69282141054343,1417.5846597227621,OVERCURRENT
85.17849909484418,2.8828527769948993,9.09444251293111,1432.4008451291488,OVERHEATING
76.6964221880231,2.339257785976484,8.98593743847913,1483.4584053187061,NORMAL
67.65296077985282,1.9008743059548272,9.491222954126648,1483.6293805176483,NORMAL
81.20090801921275,2.584898175548502,11.512582482233029,1345.1022656286355,OVERCURRENT
76.62310757697642,1.7308885490198,7.22169110097424,1460.3674096161333,NORMAL
87.41459743294429,3.441709091714239,10.266147437584578,1417.3088487638981,OVERHEATING
71.3980177433417,2.8239491987647205,7.967101930897051,1448.2450507874844,NORMAL
76.80003073381668,2.5107067786954587,9.16383797258161,1432.0393200051897,NORMAL
74.49977970664831,2.846936422473381,7.510392393089941,1448.5041885260705,NORMAL
87.95620262369884,6.155556166416675,11.793567680517684,1153.1712687034742,CRITICAL_FAULT
75.02633787097758,2.8380179799062217,7.777748129763104,1437.9014740301695,NORMAL
80.10412616685959,2.535440134669966,8.065718186347056,1466.0488221070739,OVERHEATING
68.6373966953883,2.2674024228689778,9.619932348398521,1465.280223709923,NORMAL
83.78757003706654,4.978138145673756,8.567931283490854,1390.2049628393058,VIBRATION_FAULT
83.8634313835569,5.099230891084098,9.680178907376746,1355.8655824656594,VIBRATION_FAULT
75.0139040288688,2.4618417103422936,7.576349418081183,1402.0234370919804,NORMAL
70.10073179228772,3.15410465059824,9.384421590235188,1435.0226695938188,NORMAL
75.66195662609739,2.8870476224895327,7.792282934879796,1422.017438916444,NORMAL
97.00950502873731,5.191217561621512,11.677037188894579,1171.821104778288,CRITICAL_FAULT
68.01439015896743,2.8613470026060472,9.745378577144999,1419.1407273946268,NORMAL
72.60514506016794,2.3456603569477066,7.512047490191578,1496.0340374682191,NORMAL
65.64590890063525,2.6422305211047954,8.292829232631586,1435.78459373677,NORMAL
87.1054361704098,6.581052507236853,11.48051443265929,1329.3756705395137,CRITICAL_FAULT
77.19208592945161,1.6439164301787033,9.055506070494475,1436.1082129816198,NORMAL
66.87537394243449,2.5018858556047987,7.796698992635171,1478.1906436353318,NORMAL
68.60221715390139,2.5532628520271192,8.005111019539141,1469.5230509961873,NORMAL
89.78328844076086,2.1909111632265774,8.72671472184646,1416.8578657354603,OVERHEATING
87.5290815834038,3.2815346741202425,8.806774790985276,1400.8141029473709,OVERHEATING
82.25572311789513,3.2957054842591202,11.612973060886926,1234.0530773745375,RPM_FAULT
82.2213415650071,3.2214018919311966,9.151576841273087,1408.4539352362285,OVERHEATING
65.76103317271289,1.8749601241668243,8.206550846567351,1456.522545454565,NORMAL
68.30901129706916,2.075657607175355,7.394950460313778,1421.6822017264935,NORMAL
68.66706303052473,2.4832811108345765,8.40772773755055,1444.6790671454482,NORMAL
73.76303522843973,2.634441232169431,12.99064190329651,1326.5867040073238,OVERCURRENT
91.67826867559417,5.243816428321313,11.9029469744041,1304.1713682901384,CRITICAL_FAULT
78.3642115522597,2.2034200996255002,11.283100197746652,1206.5792935926052,RPM_FAULT
68.6293774714401,1.5516539322721103,8.113546642607854,1499.5318261199925,NORMAL
99.90563698244043,4.763681042807692,12.381705964235422,1283.621296414114,CRITICAL_FAULT
91.81759080801956,2.493126374306243,8.517280762834682,1380.7429288656472,OVERHEATING
78.33270403750184,4.121196339084533,9.678880571783449,1349.7651885328182,RPM_FAULT
75.62049581051447,2.732295321052478,10.794723968392546,1384.0070066570308,RPM_FAULT
73.24015397885606,1.8601499768610696,7.792459416412238,1421.5927031273336,NORMAL
97.33234845807591,5.711665848825572,11.44653390671221,1249.1124536918412,CRITICAL_FAULT
85.41257365060063,2.8902639064348565,8.950456844881668,1383.9092317472873,OVERHEATING
66.0987598445448,3.1523602499240146,9.106598628257395,1443.8538543887873,NORMAL
81.87224266336547,2.6020680628519095,12.493281350297691,1368.5597725935395,OVERCURRENT
65.11020163344645,2.6508307676913154,7.246258425377344,1420.0506097242142,NORMAL
75.44983899403134,2.1186277224641703,8.585595339288352,1348.0266805342671,RPM_FAULT
93.9831467292614,4.346494627362816,12.019509886440073,1186.922997440965,CRITICAL_FAULT
69.27976722518414,2.7080891878135636,9.459442363355995,1459.2960504293828,NORMAL
80.60436885820754,4.1817787636631945,7.874763803641336,1392.24160299297,VIBRATION_FAULT
75.35726672696711,2.4426620862885784,7.53355786705804,1429.595882082039,NORMAL
72.36811684534953,4.221273108162994,10.00014308772167,1456.000988471164,VIBRATION_FAULT
69.85092353629666,1.837182320794847,7.756658062243209,1490.9408148321154,NORMAL
73.95937366149822,3.52989568172027,8.146177780291806,1318.9627690491632,RPM_FAULT
70.91808024206904,2.4340455676090733,9.45824329398495,1436.562580248619,NORMAL
70.06644585445821,2.6250077694584015,7.341741721092774,1410.6832204053424,NORMAL
82.48736971487774,3.1180045881526035,9.386712735722895,1415.5233422297463,OVERHEATING
82.47750019259499,2.3104406661202823,10.587092392648279,1267.7972933459678,RPM_FAULT
73.59675656615869,3.331014207132295,11.842231441874869,1368.0017628967012,RPM_FAULT
88.30221328338546,2.8451959739036186,8.722586331354131,1473.2263767130373,OVERHEATING
74.19377234649924,4.75740700784716,7.554452961211445,1446.5417743655996,VIBRATION_FAULT
79.44455127904098,4.775856610971105,9.4150504637759,1446.6977341542463,VIBRATION_FAULT
82.20978888696699,5.832674883438993,8.29289202642857,1436.0465105994087,VIBRATION_FAULT
91.989161208232,3.2095947773647695,7.895061694742773,1442.547836721149,OVERHEATING
73.30630675681094,4.092898121822265,8.869824726632936,1370.3349909029284,VIBRATION_FAULT
85.4010750130945,4.268213129011086,12.650328611652625,1317.1038282804473,CRITICAL_FAULT
72.99153783841992,4.0785884771962335,9.166149875546331,1391.0748293432393,VIBRATION_FAULT
91.28390396546722,2.0954828927287417,9.227008571613148,1380.7661898900994,OVERHEATING
91.84664147330251,3.2300214247826537,8.455412269387784,1469.4163023983233,OVERHEATING
90.29001453045242,6.1523532189393055,12.477007822153556,1217.065669242077,CRITICAL_FAULT
77.82992037491621,2.451628916237303,7.344336920921057,1467.4986465362026,NORMAL
81.76317516355674,4.193931726505152,9.55358407534083,1433.5877110703732,VIBRATION_FAULT
81.21584661028588,2.875288157847425,10.734599848643182,1329.3200664818935,OVERCURRENT
75.51545913479556,3.863054339478595,10.995976312764844,1299.8947092032959,RPM_FAULT
68.66990283649497,2.6548309652833035,7.387039069598977,1497.8565184743593,NORMAL
70.78078245180743,2.884883823912535,9.085259738987691,1470.8922497014307,NORMAL
91.96393091327852,3.087625498737806,7.567277279838564,1413.7199256933754,OVERHEATING
79.01395608780331,2.518820547136678,13.068870238607694,1328.1765912621627,OVERCURRENT
75.56505647614915,2.805850847727265,7.175956484868564,1493.3605949841037,NORMAL
70.62701457152839,4.466108167461718,9.93337255274022,1360.3745720199931,RPM_FAULT
73.62628443845362,2.330934711134969,8.556560289101391,1493.6842443599687,NORMAL
73.88349665779066,2.645219941673472,9.353715071298602,1488.8549881732522,NORMAL
72.79168042685873,2.6349374799396412,7.396753607139191,1462.6632824808473,NORMAL
77.87396497502223,2.44768055596161,9.15516449573746,1494.8486512335144,NORMAL
78.8903534594988,3.951492108462868,7.273005169154565,1396.362830891999,VIBRATION_FAULT
88.09800026908034,2.0194089323050908,9.205028836682946,1384.5825318189065,OVERHEATING
92.29830117947431,3.2988559958437835,8.946378391868269,1499.3920075996289,OVERHEATING
70.39065874924435,2.432524454858419,8.374883950288028,1460.5226408613755,NORMAL
69.3796835908107,1.5587505715411485,9.447367032697361,1406.7498172745795,NORMAL
73.68788465774183,1.5431378921436927,9.355424058719162,1458.488368777371,NORMAL
73.72351410715012,5.59632236210755,7.57528879274517,1414.7031824508479,VIBRATION_FAULT
83.5110550835124,2.591031947947785,13.99004386929648,1312.3549272106952,OVERCURRENT
89.22882196146581,2.229044540569788,8.62613344608342,1419.239760551157,OVERHEATING
73.14926645442914,1.5535232407539676,7.250991940441413,1496.340818041098,NORMAL
76.73776470533687,1.8865818554003193,9.677500956409245,1495.0367342896468,NORMAL
88.35394861864661,2.877105743745314,9.085177487555852,1382.117538647798,OVERHEATING
79.89849606907083,5.013147742099574,9.285859570503657,1400.2924361596743,VIBRATION_FAULT
76.52905037648227,3.032847891499383,12.704580461016898,1384.2476522592083,OVERCURRENT
84.25483238901195,4.364955984761701,9.580388944696043,1283.991240636954,RPM_FAULT
89.17939232781131,5.030865654552839,14.780867759291226,1191.2762571678925,CRITICAL_FAULT
75.68011220835155,2.998019892063466,11.344436952487104,1450.4710645922512,OVERCURRENT
67.44463088203254,2.506142246262624,9.402740755204043,1430.4611496583025,NORMAL
65.3960606681226,1.6137665926918474,9.46480147426676,1496.9390406863026,NORMAL
75.12424829431484,2.588354828069416,7.368520760386781,1426.3133220744103,NORMAL
72.75315952673277,3.0524884081172683,7.40427776139663,1498.9818889099765,NORMAL
71.18410255783644,3.181000044279699,9.239573267839877,1446.1732182427877,NORMAL
82.35255417286008,2.9994073947319295,8.510765641100217,1382.2404588478487,RPM_FAULT
68.54187844687807,1.7984777489344221,8.991379656786178,1443.6879324775591,NORMAL
84.07141459309628,2.9093787258587787,11.306009972473664,1359.9977096569307,OVERCURRENT
80.6494843444912,5.5073510104982235,8.823551180301253,1419.897895157502,VIBRATION_FAULT
79.21760100452516,5.881917937177226,7.903880215832222,1437.040995607658,VIBRATION_FAULT
73.32441309727247,4.146316953066398,9.717139043504025,1261.6759182040466,RPM_FAULT
91.0471215938722,4.857048283045231,14.709036543349946,1283.1331682341029,CRITICAL_FAULT
69.59090005666717,2.6532472960693245,7.469079399335407,1468.4008055277131,NORMAL
71.74923321003347,1.8074739161226727,9.293705240808821,1499.398080755375,NORMAL
69.72217653262177,3.066074802036191,7.044468193815145,1416.3756400876525,NORMAL
77.42908412547061,2.6429660973834057,7.659436350071152,1433.0128974335516,NORMAL
92.88184941981422,2.48294035921851,8.663117397763312,1396.1592763105994,OVERHEATING
97.04693040011834,5.228111353351509,13.02215702230946,1174.1537898175868,CRITICAL_FAULT
84.71104274203583,3.187039435573675,8.085836036967223,1244.0025977238593,RPM_FAULT
85.60432073503237,4.798731099446524,12.981118367421727,1328.3757292225414,CRITICAL_FAULT
68.73632292555587,2.4666283574090415,8.120134828170752,1456.4306203099522,NORMAL
88.24919080428602,4.312960501845431,14.058049508455147,1202.7474556034135,CRITICAL_FAULT
69.73042093606112,2.5912168188614153,9.661945694114902,1425.3137967711598,NORMAL
66.92768607983824,2.2552748987105486,8.19098178674506,1410.7323386251007,NORMAL
77.4936528545658,4.345995161323773,11.248370632869742,1245.1298345931527,RPM_FAULT
74.24663985241209,3.057475416661444,7.968633549756321,1430.358997978756,NORMAL
87.26409914772631,4.442348992250242,14.6448918684335,1291.4606320872772,CRITICAL_FAULT
73.64115676132721,2.4452913862456596,7.740631170368625,1428.5487910290353,NORMAL
68.01933707417538,2.1209511343776843,7.907365349339276,1445.0001657575328,NORMAL
76.29973853906733,1.7185618383725598,7.420296711227496,1460.335072490109,NORMAL
74.62071152577936,2.9931770731246266,9.989369194814346,1485.938856395296,NORMAL
77.13441423033386,2.744084002801751,8.86842838489194,1470.0020018440694,NORMAL
87.4821911808861,4.726376490367138,12.88318487807273,1166.1874092519322,CRITICAL_FAULT
73.74865112710607,1.7868363051356644,8.539577398207005,1415.3688804715337,NORMAL
75.59354099637501,2.285703456188542,8.163741004178464,1466.4713899749645,NORMAL
72.35559415611839,2.7314856687559055,9.828335203724745,1457.7158200301185,NORMAL
93.77314704562947,2.615708910793078,8.6725795689846,1427.9180308941636,OVERHEATING
81.79472970694029,2.456981363102729,10.150348276349021,1211.6396391679166,RPM_FAULT
77.92191046040759,2.8141300145648533,13.437462442889377,1339.3406013250865,OVERCURRENT
69.62877139077456,1.5316154745601434,7.039334678546987,1423.1095030993404,NORMAL
72.7260878616602,2.7302552405776064,9.109341222450249,1438.2753644336108,NORMAL
81.72270510929802,3.387926788084583,10.679003665295928,1477.3816934309602,OVERCURRENT
72.09611361200979,2.7775005059482814,8.585585878657195,1438.134865089909,NORMAL
69.51632496014287,1.7076466007610291,7.641452750659557,1463.3175493950323,NORMAL
90.68401300831066,2.7725252454158555,8.048593420874505,1432.2148060966474,OVERHEATING
73.4698200142158,2.2854824251620838,7.689232347208321,1408.1465365572449,NORMAL
77.78871005408584,2.897757743929808,9.718055539595063,1308.070359072497,RPM_FAULT
71.98387004626076,3.1359717702188963,9.664293197173924,1447.6027234024773,NORMAL
85.43400134102514,2.1620880059971403,8.935791363735682,1449.9070310442926,OVERHEATING
67.00282529520629,1.7215062629980273,7.780148237558102,1423.2219109307125,NORMAL
90.5222883967243,2.470279378278802,10.37942217441364,1448.9258496189404,OVERHEATING
72.4816605692862,3.947654253565464,9.429516436692678,1477.302272079612,VIBRATION_FAULT
80.5821941388475,2.733299105407251,10.470578063856589,1400.5460211381271,OVERHEATING
66.16882766878346,2.9610470745948927,7.785726852193314,1407.6972609051622,NORMAL
68.07869422294591,1.8174589862856267,7.590627665907104,1483.782258365026,NORMAL
85.15234931223965,4.603963918475569,12.227866128750254,1201.657806657764,CRITICAL_FAULT
75.4458501488027,1.9458265662450795,7.230996276913744,1479.6213311176375,NORMAL
72.07838550945027,2.477998753962493,8.628199826343389,1469.6588642094894,NORMAL
77.81134418427446,5.889812862683733,8.187046208354506,1465.8410145299247,VIBRATION_FAULT
76.22438204125979,2.2887733044785166,8.945634036769658,1431.4011222595125,NORMAL
93.6915133007399,2.0162543661135777,8.696752746084018,1403.5429150892667,OVERHEATING
78.25445405095451,3.5789310515537864,8.944400583771856,1465.665756761344,VIBRATION_FAULT
70.78614651880613,2.065537149792415,7.433360397434316,1477.207954090015,NORMAL
76.89115200269418,2.1106067806255226,7.13383208582791,1401.0887913141542,NORMAL
73.08769373754689,2.518229266189636,7.167117851487347,1438.544148016496,NORMAL
72.95663967432937,5.206195815599905,9.321446756542509,1384.7176302525452,VIBRATION_FAULT
89.83664231159892,3.0633909448689436,10.4027672264376,1447.6329951746552,OVERHEATING
75.93493928791807,2.4144293720985845,13.500597906519735,1462.6686770846359,OVERCURRENT
75.26192810150499,2.3401743747669967,9.405866846505388,1480.8041881761824,NORMAL
68.46725778220394,2.39106087259465,8.752297411650476,1469.8922868118264,NORMAL
76.29754294185223,1.8802671919258764,9.51263060254977,1429.515905699702,NORMAL
87.00160752892157,3.437360843667519,10.42190638339555,1474.1764101350434,OVERHEATING
87.56179688465444,3.390689035877341,7.302747507930944,1418.1602851888622,OVERHEATING
90.347705924187,3.248362490298048,7.89335820240332,1461.459707557706,OVERHEATING
75.17744601548912,2.472977191947688,11.912531193753416,1212.258844994011,RPM_FAULT
69.29840897074884,2.8985987146707686,9.498595452899217,1479.1805991596038,NORMAL
95.42571215472269,5.07556472248459,13.413681473312327,1153.566184933682,CRITICAL_FAULT
70.61106627847403,1.9457849291510192,7.492163645304564,1470.4266579493658,NORMAL
69.51417013485114,2.344150557032883,7.340247330198028,1472.0386574802274,NORMAL
71.0123808810652,2.745626555072028,8.513215026998278,1439.8619586595644,NORMAL
84.32952294768413,3.9216461879245257,11.317220791924349,1265.4032944173216,RPM_FAULT
79.20556841635462,2.056834197985051,10.896151543175236,1312.0189062013644,OVERCURRENT
75.74730161269909,1.787808964874259,8.37706235181243,1457.7182302664162,NORMAL
76.64170005071063,2.4086359233097823,7.803697853449845,1409.6715818098025,NORMAL
76.79322417495348,1.6082670373134995,8.227059609864652,1485.5305503509196,NORMAL
69.0883902412073,3.01748235885779,7.37017362441098,1456.2315127019874,NORMAL
85.28116214648868,6.168255607129827,13.885827229619055,1153.0835275574736,CRITICAL_FAULT
81.20500506686571,5.345050814395924,9.646067126653085,1350.7877213846916,VIBRATION_FAULT
77.87129862086408,1.756131431698423,7.919817060362383,1431.8793662784933,NORMAL
74.29399064466692,1.9372631717777056,7.659248113920412,1450.4114624468043,NORMAL
86.6167278616728,4.337452563314468,13.925513307793057,1340.187396645714,CRITICAL_FAULT
75.9781565200016,2.666302400671385,8.972109060310656,1435.3324814906005,NORMAL
81.10392207358476,5.3034458672189215,8.718396916028325,1419.9083030062864,VIBRATION_FAULT
77.32470770347956,3.0041803212211704,8.77934384022439,1404.5125091936943,NORMAL
84.64566573846072,5.093016124071646,7.925752219750294,1476.2753177755633,VIBRATION_FAULT
88.64022811614382,6.359993755323369,13.293098429028817,1348.1189953041653,CRITICAL_FAULT
94.07831697111449,2.105393791870805,8.426745373672405,1468.969710200516,OVERHEATING
85.08513628176392,2.302300180582159,7.140865685966748,1446.9263758682093,OVERHEATING
80.57234566123996,4.2644091485627715,9.28544847618908,1289.6198770487708,RPM_FAULT
72.08097778354549,4.66313435575616,8.169312062873674,1399.4119809553588,VIBRATION_FAULT
76.46069707290621,2.4872468534382226,8.347846122000856,1422.254921623639,NORMAL
69.14162766908203,1.7473648143695097,8.026213992745884,1467.8503096711888,NORMAL
76.56421609992118,5.280521170284052,9.377869344049019,1395.779633418948,VIBRATION_FAULT
73.6004002607848,2.1936673592713727,13.469516473021145,1324.140550420489,OVERCURRENT
75.5091682311389,2.464924456017606,7.012402587467529,1459.5930206163646,NORMAL
75.46602788749625,2.949569983995376,8.055611310903263,1451.3385389075786,NORMAL
73.43948222428597,2.144051430620995,8.371177221897206,1483.024803392007,NORMAL
86.44450515942826,5.517646946028149,13.419342259293689,1186.4948118413881,CRITICAL_FAULT
84.73466214200384,3.0472090778966887,9.647940347225287,1403.830471651198,OVERHEATING
80.25959515599743,3.4558409702983846,10.766947888124768,1367.8440423136105,OVERCURRENT
69.39788345172879,2.2894850196713126,7.3173105879531635,1474.8091294017252,NORMAL
70.73379467141777,2.33481224516395,9.187339699241782,1421.7002220356055,NORMAL
70.01614534408509,2.4684965812875452,9.589923174905408,1431.04570257554,NORMAL
92.93657822754567,4.152380107682049,14.618123958669443,1260.0781722428544,CRITICAL_FAULT
66.36988995030441,1.979977820149721,8.043113770371956,1498.8366890023738,NORMAL
75.20241338168165,2.6535498910243884,12.306254710696788,1460.7820151570113,OVERCURRENT
83.93176968653535,5.278524761882723,7.514957677216197,1392.7043270419324,VIBRATION_FAULT
67.21151251086759,1.9857499576338622,9.126060431560465,1480.7193764216258,NORMAL
77.39746786205066,1.672084435603677,9.792417924985378,1433.3390975651257,NORMAL
87.79372367783597,5.85124060346393,13.332095050157243,1272.7805127071636,CRITICAL_FAULT
74.3740260739959,2.4784661632495397,11.263819203888968,1352.0292822508304,RPM_FAULT
75.62323100120426,2.6564501099435827,8.648152426653656,1486.2131116893695,NORMAL
74.19744709313827,1.587141873844796,8.79884421797027,1478.4198757331128,NORMAL
67.61443358760107,2.1941005988858997,9.558683685635454,1491.8719275531062,NORMAL
81.50663750738293,2.8786894037890063,8.242996533312368,1496.9016950373991,OVERHEATING
76.58212442876206,4.2235904577634305,10.757959418187495,1358.4363632935458,RPM_FAULT
77.54508549705551,2.181357826217239,7.972797899604559,1459.2404028073877,NORMAL
89.58235166111287,2.9704951511278335,7.138725214412847,1495.7490984009485,OVERHEATING
98.04503314444021,4.297887206286561,14.888041389855163,1318.1135593215831,CRITICAL_FAULT
87.82885000233698,4.303386001115266,11.587941810236874,1283.936443055124,CRITICAL_FAULT
73.10451147778979,3.0359915964467126,11.929107594014317,1411.987692962632,OVERCURRENT
83.06180480506924,3.814254704522338,9.357321236230979,1374.836049047705,VIBRATION_FAULT
67.00827155821473,1.803386266038249,7.177867816850343,1484.2285122774967,NORMAL
70.09468892296019,2.169598543630286,9.644757319209932,1408.5763575652509,NORMAL
77.93928635672519,2.0882776165026016,8.143094202323457,1433.3507823617647,NORMAL
77.42189846607593,4.165631501210121,7.7991790020311385,1457.5757354134253,VIBRATION_FAULT
76.40243941080278,1.7193034219112857,9.315888271872577,1417.8417563874984,NORMAL
75.75079414863337,3.406391168581623,11.884449092380471,1387.5990389081874,RPM_FAULT
74.83661462245594,3.7838823384163844,9.738862409122284,1290.799497494368,RPM_FAULT
65.51650617191291,2.3011571037004828,8.361132198722496,1439.139262152875,NORMAL
74.85398069782335,2.882244269072179,7.147333359624982,1484.0046815670908,NORMAL
76.60608109583438,1.7798785239563548,8.125921512766752,1431.0182049322675,NORMAL
87.17339917261536,3.419716530996986,10.001265001904144,1380.2045516584326,OVERHEATING
75.70635136835027,3.1877365365708457,9.207072102181318,1464.5395132935012,NORMAL
74.33073812352312,2.373247883356136,8.21410939933281,1417.565361399416,NORMAL
79.15561583721687,3.6609668301924185,10.263090269181873,1476.1327726025938,VIBRATION_FAULT
94.3332476539906,5.139696016278854,13.162659424570425,1183.9973770281963,CRITICAL_FAULT
87.18684411552148,3.176614417089581,9.096440493273509,1439.3803765151924,OVERHEATING
75.6849455749634,3.194311337629811,10.959843188792995,1341.6565138878466,OVERCURRENT
68.46119685938831,2.0051053724894214,9.685693418540087,1473.4196764697958,NORMAL
75.9104203061833,3.015180317230346,7.17685551791349,1429.4201185914417,NORMAL
78.42239676258076,4.13765295073339,7.709511658517863,1414.3505043210052,VIBRATION_FAULT
73.67936748593485,2.1252790076133223,8.345088905862893,1231.7732963855353,RPM_FAULT
76.48430518169948,1.7003534453514917,8.489544850385252,1497.816041046438,NORMAL
73.85578655177089,3.8618472152152616,10.02630989188452,1412.9004221689283,VIBRATION_FAULT
76.27330663714767,3.0902751537783604,9.603833228758566,1465.6828028376585,NORMAL
87.56925737912451,6.9386383125492745,14.646027610836436,1332.8884054284883,CRITICAL_FAULT
74.46112933847093,1.5165354846093932,7.6531860680848975,1432.8751853867561,NORMAL
94.94140684417137,5.4799404255291595,12.757854396128923,1237.591602954801,CRITICAL_FAULT
76.91629234454905,1.910914094243601,9.205468546460926,1440.338757629963,NORMAL
78.57821284639427,2.886399077457603,8.883404595163192,1335.5109562067696,RPM_FAULT
70.52910695516373,1.8435119966421825,8.346235532186922,1451.4678456512013,NORMAL
76.17162811677484,2.7348520283003257,7.654837678646904,1428.9956712034918,NORMAL
68.89862420293505,2.5555072792475038,7.249489462206381,1496.9688741939474,NORMAL
84.92032700941687,2.951448169326367,13.097817635457945,1446.4809332493296,OVERCURRENT
82.65232301488521,2.8918446862474054,8.237577195195994,1468.6000462738966,OVERHEATING
68.62917235541731,1.5138689795324105,8.479558307469297,1442.623458377053,NORMAL
74.6625987413742,1.7333779521891777,9.583990014045334,1469.0547941469677,NORMAL
67.1219404568717,1.5987646766993369,9.98337687673698,1484.682366237353,NORMAL
72.98794315669572,1.9209710921810481,7.774531356750447,1475.7237209628358,NORMAL
77.31753713818607,1.6733629146846698,9.461993003422725,1407.2010408272574,NORMAL
88.74405894670565,4.319567000837916,13.722577081599802,1337.582274059714,CRITICAL_FAULT
92.35435226604896,3.270569372629744,10.32605598832233,1390.137086692828,OVERHEATING
68.06473218126872,2.4904823677334744,8.163108717783244,1490.2386500631003,NORMAL
84.2509854532825,2.6128156390465964,13.465693044714087,1449.9374711968935,OVERCURRENT
74.86713136122238,4.083503241635848,10.010418117865573,1323.2775626822224,RPM_FAULT
81.89978580050482,2.4729765719846033,10.36878243152583,1416.064003458879,OVERHEATING
86.21886093892542,2.715810377978195,7.625894346248506,1466.04362771497,OVERHEATING
80.6416122029917,3.2819096694218297,11.372003877280369,1430.3613734999813,OVERCURRENT
81.17314208684309,3.707649637929689,9.265147168643022,1281.4877131818312,RPM_FAULT
77.6846534111957,4.015958800595669,10.53674177047428,1370.3076494954835,VIBRATION_FAULT
68.95143432959146,2.3361973698293115,8.43479937828776,1467.7171087737195,NORMAL
71.89706756410372,2.782538981928754,7.687804738004647,1485.5207454664944,NORMAL
68.86669978371546,1.5312924931146692,8.292186067293416,1481.5319577091047,NORMAL
75.95717177267642,2.2056843754291138,12.533299522211047,1334.449350903912,OVERCURRENT
69.43464617943634,1.6383630383927028,9.503311252974182,1492.6103523756121,NORMAL
91.14654573929157,2.838709960520452,8.204336794950672,1426.6010379484824,OVERHEATING
77.38593957323661,3.0602883328297565,13.887048746449901,1398.4873089031537,OVERCURRENT
80.17603403148487,3.9042334621370784,8.395755258773686,1378.307775212336,VIBRATION_FAULT
80.42929273760353,3.505059834675902,10.531646178259708,1374.7646791992333,VIBRATION_FAULT
73.7841622566763,1.939642900552664,9.036776063279682,1491.8883991961745,NORMAL
82.10272598903663,3.1259232543239395,8.141972241934955,1404.8299717224718,OVERHEATING
72.58476506219549,3.184462306113912,9.727179300270596,1409.4520348761207,NORMAL
68.92504062894137,2.8185594160233656,9.869597799176631,1403.3225990445408,NORMAL
78.51266241512987,4.7023719878362575,8.480807659824942,1377.2580379967874,VIBRATION_FAULT
67.8993990547382,2.7567200736111364,9.66782054427753,1431.2190306363445,NORMAL
74.85434918780979,1.7220780937544053,8.993365515167678,1434.267960012293,NORMAL
67.75473927943955,3.034373053031291,8.395644613112992,1436.7969805437192,NORMAL
75.56168258737267,2.706281065181969,9.37705526997168,1416.530965851789,NORMAL
82.53208684042319,2.0040304811086846,9.797290136365582,1236.9146115435785,RPM_FAULT
74.21597082642997,2.357779646627438,8.548142938879383,1290.7914740181354,RPM_FAULT
77.4583482333347,2.192009702300215,12.60887270354829,1315.4910039070385,OVERCURRENT
90.94152122915435,4.27110936265957,13.909187688799125,1242.6469355880943,CRITICAL_FAULT
65.86110664203217,2.734676840794786,9.581492547658879,1483.8559825634927,NORMAL
73.67431049221929,2.1813597661588524,13.828984077943403,1441.74377209057,OVERCURRENT
74.5633432835229,3.1225591246777444,7.719707464632045,1456.0226849453707,NORMAL
72.93532564214247,3.4309893400852323,13.742028351147313,1393.8961628359757,OVERCURRENT
65.09464411171159,1.8963801423669917,9.638631963235902,1402.4735512343009,NORMAL
77.49703768708568,2.538637640839399,7.830701730636819,1494.3423952052733,NORMAL
82.2004292275346,3.918740514456628,9.773482997078311,1405.1874225990261,VIBRATION_FAULT
75.52320718252592,2.1382507359598972,7.749514164947292,1456.549605296508,NORMAL
70.74868035158802,1.5974517397854628,8.762564123688726,1400.195577227207,NORMAL
65.98057296248638,1.6767927494866202,7.244027014426421,1403.9523209773172,NORMAL
81.50833366576057,2.0310958765833544,10.284841562899143,1213.878021534873,RPM_FAULT
80.2591431564251,4.4162282919774505,11.054869550755306,1233.3588708597906,RPM_FAULT
82.8892616840842,5.7494796756340625,8.999661015968613,1441.7626957761595,VIBRATION_FAULT
68.52453755152246,2.2449381524906693,9.831061755987847,1422.4452827319913,NORMAL
67.90208480115655,1.5570628894663887,8.695933847549453,1408.3093455314754,NORMAL
85.4327651981387,6.506281892375113,12.11861827855766,1222.3819352129353,CRITICAL_FAULT
65.21762347912612,2.366515858110931,8.898587613648308,1428.4063998371357,NORMAL
68.8230389159372,1.799954699109556,9.163026632306277,1435.5642557848605,NORMAL
79.66025279723436,5.146097033401881,10.464800605102024,1364.81053647009,VIBRATION_FAULT
66.02847607326812,2.6419179362365997,8.225495491595435,1456.1691082339726,NORMAL
78.71015278483448,5.100026268144122,10.139551696166732,1469.7323176443515,VIBRATION_FAULT
73.95987285188937,2.2718625757572957,8.616008971681124,1405.6152270314858,NORMAL
70.90034754632481,2.659709043754817,7.218236741854439,1454.0975329729317,NORMAL
81.09527449893034,5.668308529873082,9.994054781548448,1414.010180090373,VIBRATION_FAULT
78.46432204975223,4.021421752662906,10.245003399654601,1262.7574822014483,RPM_FAULT
82.7002119711811,3.5178527238867012,9.98570838368756,1324.9406815195375,RPM_FAULT
86.72476992712805,4.364295129711679,12.99817556878011,1227.8430062262582,CRITICAL_FAULT
71.18205250960763,1.8283831707075537,7.316373027769483,1486.2738112328525,NORMAL
86.20049074788199,2.03675126636035,8.73917380730551,1486.338591178303,OVERHEATING
82.8262336936939,3.585056215788729,10.442153126554263,1244.2391258867485,RPM_FAULT
82.7428217087697,3.8215104227596455,9.99249100300047,1373.6509879113432,VIBRATION_FAULT
72.13568387585092,2.5219853409560495,7.598075739148433,1406.0914205526008,NORMAL
69.78669729846825,2.7777183769380756,8.478725253797382,1469.0337636777365,NORMAL
72.0570948733203,2.89447163243247,8.784120343493532,1442.1910305750753,NORMAL
73.04042333529993,3.9551207414564553,11.577377601499606,1384.0145792738895,RPM_FAULT
84.39395465888572,5.585986370450734,7.670873071196626,1439.1477907775893,VIBRATION_FAULT
93.38655063146828,5.449896707826409,13.412165639366151,1191.1736700395509,CRITICAL_FAULT
89.1850538037032,6.0612246484803824,14.458036433390788,1269.5311911421963,CRITICAL_FAULT
77.42705734651855,2.319311890384855,9.849351565566295,1441.259621548403,NORMAL
91.58320725189873,2.189393389988515,9.313546572156456,1402.4825850819811,OVERHEATING
81.0499160633057,5.826992745335997,7.165451941808123,1443.2286930228092,VIBRATION_FAULT
76.82050383778888,2.200749478231857,7.979395033726331,1499.396670617587,NORMAL
85.95874786251778,2.0314812508393016,7.389121141404124,1481.3002957544636,OVERHEATING
81.10925451521433,4.441754307985647,8.076740886683245,1388.268393450116,VIBRATION_FAULT
83.82020798997021,3.5729382795786746,7.734290109855765,1350.0512404401788,VIBRATION_FAULT
81.56690948818321,2.102328167917511,8.244600586226431,1381.3126063061613,OVERHEATING
78.0735466423983,3.1468861433389907,11.17617735026489,1435.8026888803647,OVERCURRENT
67.1835372457956,2.5704116638521555,9.776728655188624,1453.7067001237474,NORMAL
65.33317375876624,1.550105476472864,9.631941771224657,1473.8189758619105,NORMAL
71.26264324988591,2.465694451431801,8.111526168928673,1422.8046380799178,NORMAL
76.5055295381153,2.6321992350975547,7.243036045554914,1457.723858418895,NORMAL
73.12113972163692,4.698528875964069,10.249530235171786,1395.9381594388426,VIBRATION_FAULT
97.92078551644161,5.367706605052577,14.58874384202207,1272.4980732429385,CRITICAL_FAULT
73.33850071516707,2.8513710097748937,7.470874777317182,1416.6810846405992,NORMAL
66.63103640300858,2.6215625718462343,8.802918227066456,1473.2293671790414,NORMAL
88.96896307544696,5.516510730166576,13.032764779582754,1203.337959454445,CRITICAL_FAULT
82.2887931808997,5.347446044998928,7.09934140822837,1422.0892883128315,VIBRATION_FAULT
87.61149625313568,2.5036954295169993,7.585995137162627,1419.7987037114053,OVERHEATING
67.67256124438609,1.8197750827111379,8.180759704041705,1446.354129028698,NORMAL
70.71425465811527,2.105880211548799,8.058297095292138,1454.0440419928843,NORMAL
77.9287045022136,3.982167409745178,9.366638116060102,1285.8153740365221,RPM_FAULT
77.61405166818881,2.198886164567069,11.496605712685982,1321.068493199399,OVERCURRENT
72.25388288829835,2.2922327694208984,10.328666437903195,1342.2501672981098,RPM_FAULT
82.27428898968736,2.392027102417563,12.417258849180156,1476.5896309133445,OVERCURRENT
73.61305661189512,3.9417808372872,8.66602732451965,1397.026425624504,VIBRATION_FAULT
91.38331390356706,2.07360982035806,7.579403170381086,1416.6512577157832,OVERHEATING
65.80925400889585,1.7998348520294825,9.453333849712898,1414.9518903252276,NORMAL
65.80730473083992,2.892453672658034,9.143533277754265,1437.8154677398513,NORMAL
70.90501333852173,1.9022964261107163,8.910879914384136,1479.3301972008167,NORMAL
72.18971596074256,3.108438527559419,8.170949681358238,1478.378002449078,NORMAL
78.14087174726426,2.8902571104090002,12.029395602133595,1360.1289515597384,OVERCURRENT
73.41347040046163,2.290126504090601,8.708756210171188,1449.79276197344,NORMAL
74.5832040844401,2.770547789410922,9.195690097394847,1491.9330838227759,NORMAL
84.47185937937604,2.5232532774295677,7.762265283575466,1407.5788085107033,OVERHEATING
75.93350003855737,2.386004957183757,9.261742325180208,1412.888554713731,NORMAL
75.42986442514062,1.500124850508158,8.250441722115974,1491.2130347000823,NORMAL
76.40418238155678,4.282553996209108,9.784477465792168,1334.3158349866324,RPM_FAULT
91.36612879684228,3.067700967475276,9.156665516565191,1392.429303027804,OVERHEATING
83.14105608934872,2.7910780206893513,12.772797665251549,1401.7503199949083,OVERCURRENT
78.89693642309338,3.1635471485323765,11.830369981958604,1265.522738883247,RPM_FAULT
76.39866755858809,1.512229496922451,9.595617342921834,1435.5459320524799,NORMAL
76.2967563670493,2.540073384381037,7.346056856950582,1474.2442926155495,NORMAL
89.84291615863494,5.20089513337173,13.818348071258832,1342.449391525777,CRITICAL_FAULT
76.18129830301845,3.5445009398511957,7.278374909140737,1357.016380325165,VIBRATION_FAULT
69.43525238722451,2.5015540889073664,9.184536584608164,1490.4017932933164,NORMAL
65.04694688982744,2.1222891661433527,8.057370150329339,1415.9878222406512,NORMAL
89.76234343381694,6.833339155590066,12.230282933885611,1275.478472252381,CRITICAL_FAULT
68.86305760361455,2.006922889633624,7.742613325746965,1486.8167018812103,NORMAL
97.93940927642478,4.971033914870754,12.905170228138156,1292.161288805345,CRITICAL_FAULT
71.14246644051181,1.5444079894176337,8.627970156858549,1434.1581843331282,NORMAL
77.17418865588377,2.7699378473544307,7.646078779083879,1472.3449865582397,NORMAL
72.85346138277197,3.0871152571685165,9.520701761610963,1457.262592481975,NORMAL
74.06117746868891,4.832380872107965,9.692271902056703,1390.0920399798588,VIBRATION_FAULT
82.15557873557546,5.789099951985544,7.602533657885595,1373.351690925268,VIBRATION_FAULT
88.96570616878378,4.645239115833562,13.892479251741392,1166.6174896408409,CRITICAL_FAULT
68.8305918429722,1.5924739490576183,8.493505649770643,1449.417364229988,NORMAL
73.4556660960316,1.7339770376014267,8.331545693697946,1441.2797863514597,NORMAL
94.4163192767048,5.818378713142804,13.789163739095075,1168.803999218308,CRITICAL_FAULT
81.90452897412956,4.515842580748827,8.435710151490994,1392.1482356759655,VIBRATION_FAULT
85.92084582292618,5.235244787748302,11.488421311103238,1272.6652065380072,CRITICAL_FAULT
96.27673862178258,5.597471819177804,11.069897711413333,1329.542574539795,CRITICAL_FAULT
77.32923568075337,2.0771829126538752,10.517791761090743,1325.297109445014,OVERCURRENT
67.50892486800633,1.8027388250092633,9.9602166820498,1447.3969760260024,NORMAL
87.89007163413142,5.781530909552425,12.58024762413113,1328.4913985242906,CRITICAL_FAULT
89.27043325520866,5.144869735901484,13.334635637598833,1226.4395172449456,CRITICAL_FAULT
80.41609855356423,2.1417317484145135,10.010146003778999,1471.9275577277501,OVERHEATING
85.16117988533902,5.15071319574834,11.767366607943565,1301.716283566648,CRITICAL_FAULT
76.38835408579894,3.7824236374068163,10.084727318766554,1383.083430681866,RPM_FAULT
81.42816343349106,2.408066812986142,9.749056436796128,1416.290555732159,OVERHEATING
67.7857379344709,1.519094425656567,8.535430212388105,1446.8246196965447,NORMAL
80.53113353985054,3.632827855141163,7.190728887215692,1368.1523774935015,VIBRATION_FAULT
87.27469512902644,5.37528630035456,11.981020669232135,1342.5207670448256,CRITICAL_FAULT
73.2231760109668,1.5597526521681393,7.237389054751913,1422.4934476343176,NORMAL
73.02090080082246,4.879112538434347,8.33998365123093,1381.4798114350847,VIBRATION_FAULT
81.77440159183483,2.90503287837041,12.349142145085946,1312.8165222660455,OVERCURRENT
72.52102257834457,3.1170629910362715,7.4553212129427315,1483.9069483801823,NORMAL
73.85995068152192,3.4746149698303013,13.840957776870892,1444.6887537570274,OVERCURRENT
77.3069066278667,2.3856389500032114,13.33584422157016,1421.2277763359323,OVERCURRENT
84.16209229102547,2.5692644576271046,9.235135457296536,1379.912980339799,RPM_FAULT
70.08367962702859,2.31316486326149,8.90702173729547,1495.2633762772527,NORMAL
66.71017528129379,3.0348662059313365,7.601634246892,1429.8757837010542,NORMAL
80.1517827835975,3.2739098056479357,12.34757943828905,1362.3665231276009,OVERCURRENT
71.66039232885878,3.0902437425391134,7.158704124147144,1459.0081626476401,NORMAL
76.75856764785344,1.6896491553410515,9.588265989664455,1457.062172347575,NORMAL
77.03184099792676,2.0826230570190005,8.012234395131706,1494.4021909847404,NORMAL
76.37014353681231,3.2704268091264312,12.76059020318689,1331.7865458578121,OVERCURRENT
89.11827845658799,2.298127939694571,9.672576874945134,1430.5875165603934,OVERHEATING
70.9109073410084,3.5069671195101373,8.05707352325845,1339.3962094878543,RPM_FAULT
81.28936934913918,3.777563242720905,9.745367551357702,1412.9954478720886,VIBRATION_FAULT
66.88350491117295,2.0762133767352124,9.159103514998035,1468.4512971225809,NORMAL
71.50600190619816,1.9063229104353538,9.194940120178005,1452.6308866422773,NORMAL
66.26895419118416,2.736219372736152,7.669945821264431,1420.9809616356504,NORMAL
72.45378168072686,1.5147641115854666,8.850664843913712,1447.461993034146,NORMAL
89.61159546807278,6.922536496546325,12.987770477952438,1205.2585923587337,CRITICAL_FAULT
75.28007304750349,1.8859477844623713,8.312222480449282,1442.8308108973413,NORMAL
73.14249576562237,3.506000846195334,8.172375784154315,1355.651011273318,VIBRATION_FAULT
95.74306429995664,6.153532267235049,14.453290508112927,1191.514606885237,CRITICAL_FAULT
79.71560466326412,4.066724957670617,9.017423168595725,1362.8943800557745,RPM_FAULT
72.86806983107302,2.5258208234257014,7.352289563313372,1466.0772692116668,NORMAL
73.09698941227818,4.038928393274893,11.517847228392416,1204.906903000754,RPM_FAULT
67.915126436375,2.0662470549586036,8.15100356893687,1494.9058333465919,NORMAL
69.26312127147898,2.4681351665791427,8.694164247928837,1474.3636468089137,NORMAL
75.81233776255894,5.798423631048868,7.151315468439734,1355.3642999667898,VIBRATION_FAULT
72.47488923825297,2.7429861122790733,7.814574278605231,1427.8943913286785,NORMAL
73.7764799871716,2.9999123530191842,7.296109674602762,1412.3516669445385,NORMAL
73.38953043126801,2.826354801980284,13.54246847882861,1379.0190400997558,OVERCURRENT
91.95852722174119,2.204270378345186,9.064210647651462,1459.4466518933407,OVERHEATING
91.96105851150968,2.5973279691645823,10.207033706881914,1473.980199603317,OVERHEATING
73.92377435073178,2.701742183222797,12.15026841132594,1336.6883022596319,OVERCURRENT
76.04331256978664,3.4660663492666295,9.422604116750911,1353.5917212934546,RPM_FAULT
74.9850409125654,3.490602725291396,13.929492952733403,1363.4530582238356,OVERCURRENT
72.02355412406371,2.397330765125805,9.366670912978247,1481.303854648771,NORMAL
88.80627546080163,3.304626749726666,8.625259732756593,1400.1332910204037,OVERHEATING
68.67709484266709,2.078831177737235,7.866663229018165,1456.992802468667,NORMAL
73.35626342726748,1.6433501557325125,7.392851140102796,1472.4159538042209,NORMAL
69.4914588978115,3.1998476433149534,7.839805560868096,1485.475741011046,NORMAL
76.15596077990826,2.105242313418143,10.078662004918378,1201.1374594237654,RPM_FAULT
79.30302280487126,3.9223627280179127,9.894108891762272,1472.093337786702,VIBRATION_FAULT
93.22879137610633,3.2066427986575334,8.025164770779982,1385.2261520225552,OVERHEATING
88.10868059562382,6.874245051804221,12.63926851141839,1188.2617567100187,CRITICAL_FAULT
81.66447934157848,2.6353973052947146,8.311300274635094,1394.3864065354662,OVERHEATING
79.72565145248332,2.0490848112276185,8.4364759021206,1202.4593271420972,RPM_FAULT
68.98439281365825,2.963334088408921,7.520236256229988,1449.3845673255437,NORMAL
73.41090418788572,2.8756876477079683,12.508169523417688,1316.3353486203314,OVERCURRENT
78.06236018019848,5.604896178776124,9.91769271773729,1476.854511872455,VIBRATION_FAULT
74.60028044824774,2.6461573317097473,8.138987674736025,1402.6778537893292,NORMAL
65.9681681181037,1.7039734816091054,9.648828892640088,1486.357901330482,NORMAL
75.8376338841392,2.5816264654836454,13.895236333178675,1340.6598704966452,OVERCURRENT
77.69256057229188,2.288827234695381,8.788177177218147,1431.7962857793214,NORMAL
75.34329916814448,3.4431349718587674,13.180018472462773,1458.325151041703,OVERCURRENT
95.3958500350285,5.0338778523202485,13.903291139441256,1295.1564763663987,CRITICAL_FAULT
75.61034320233597,4.340747511274117,10.111269135047847,1436.787935473162,VIBRATION_FAULT
84.94194386701179,3.99941388575843,8.594988306080749,1474.3349456267078,VIBRATION_FAULT
73.35081706675454,1.5967334891810168,7.171107996766144,1444.7871248501283,NORMAL
73.29855592944773,3.098917122346217,7.447575755028109,1472.6438529814354,NORMAL
72.54420051220457,1.9222021290595468,7.003170348487497,1435.1135449933668,NORMAL
76.39370433632934,2.201158657895425,7.034754702394903,1455.734141695208,NORMAL
73.56649213282797,1.735444109735877,8.195965192052135,1456.4506597905045,NORMAL
88.40578174193334,4.729700729687442,12.800205807915887,1308.535002313026,CRITICAL_FAULT
85.6270844511562,2.4812727249070647,7.9931470565522735,1474.855234011218,OVERHEATING
73.04963445134477,1.8662347231492107,8.438858178148408,1412.2356710429463,NORMAL
82.51392243801277,4.137945305206653,9.644300188290284,1446.4303311500682,VIBRATION_FAULT
97.54294605475465,4.511022904377945,12.757812628710294,1333.4198460599994,CRITICAL_FAULT
75.95994386210359,3.100992657847048,7.340655596586387,1443.8321936073064,NORMAL
80.6922243974053,2.5430466884055214,9.837217638458819,1411.903796543221,OVERHEATING
74.21663725999332,2.885358695590222,12.728786710580984,1305.1200584716591,OVERCURRENT
66.81198668551056,2.2349042005911532,8.62459485916166,1474.4087481483627,NORMAL
74.2303245607134,2.9106325127674397,7.1392261507438874,1415.0821763641093,NORMAL
76.50966585723307,2.7231502597855535,11.198268298857755,1249.2724117473008,RPM_FAULT
72.91555540778434,1.9127046684324116,8.872298175490572,1462.9404001031696,NORMAL
76.5338996508452,3.193103193530572,8.4711339451184,1464.6731843908744,NORMAL
67.25345603525001,1.7874804235891648,9.557635735667253,1486.2285877759905,NORMAL
77.51559282228627,2.0168064661106797,9.934386524048533,1464.3909871452636,NORMAL
69.01640465284669,2.2324638840704525,8.642630755832103,1465.8753763646596,NORMAL
84.11122649270544,2.2577468106042216,12.106072432178827,1322.9158015200596,OVERCURRENT
71.01731823522005,1.9159786073153882,8.58260983060699,1437.3114230610454,NORMAL
74.16886137143057,1.530195643197606,7.100470380695967,1467.1954098531255,NORMAL
72.5391218298292,3.4799037172507763,8.690643249990357,1350.9725241555766,RPM_FAULT
73.71245966115802,4.278244850014603,10.372161578326747,1295.908098408835,RPM_FAULT
95.7069894224086,5.197794067176158,11.381901694272567,1286.1378845765516,CRITICAL_FAULT
82.38761978332965,2.5204542145418167,10.753000599154953,1207.8064870986348,RPM_FAULT
70.11287633919933,2.116697563500907,9.598555951240172,1477.8875561727027,NORMAL
73.66109570604026,2.7566759224542188,9.592204307357079,1428.7759430515375,NORMAL
84.84192868367953,3.1820695870063758,7.4506929349577975,1452.766291317925,OVERHEATING
69.12520549874303,3.0411678341370623,9.488822620072588,1471.8769784518681,NORMAL
70.82083385284817,2.9783776416561287,8.360066602369361,1378.3020787398777,RPM_FAULT
75.47904857318272,4.036158298373704,9.542948959402855,1356.1518969083538,RPM_FAULT
75.52993002743818,5.3104322900356,7.099346403512687,1454.7266990595704,VIBRATION_FAULT
74.68799142192265,3.201085586815023,11.536804805525307,1314.4990588308924,OVERCURRENT
90.83552287814223,4.085918625323176,13.046062600556212,1260.5560358808364,CRITICAL_FAULT
72.64209277398884,3.080674078944889,9.867736241834344,1444.6831779707622,NORMAL
94.5155447940842,3.342475675705752,8.97120354455365,1460.4407115108834,OVERHEATING
77.63632045971879,1.6975141095120205,8.22891110796469,1486.7279071654175,NORMAL
73.51702237980834,2.2611338313439635,12.7936261291863,1322.7625295392156,OVERCURRENT
83.84543504659118,3.7456166745910733,9.935076482389082,1341.5498540082085,RPM_FAULT
70.19733754786776,1.9090265008859117,9.845030813411656,1419.871600781931,NORMAL
90.9811737106582,2.2078823262370397,8.55444796299908,1403.2709777116158,OVERHEATING
75.0568748900249,3.2428203139201397,9.213694980545082,1331.9413352530623,RPM_FAULT
73.35392807752483,2.98023496068088,8.043458958773238,1294.6979814359152,RPM_FAULT
65.16266876436086,2.8818433421357414,8.440326417365728,1499.8431223629411,NORMAL
93.41241224089387,6.037067568952807,12.811911808883877,1207.3212480585892,CRITICAL_FAULT
74.2325339621441,3.3226633831643175,11.888536491664148,1356.5561049109322,OVERCURRENT
89.82414952889819,2.505952232675516,9.649331596279396,1428.2893579329022,OVERHEATING
76.97790373743119,3.179128513342227,8.162208210248032,1472.0754273124978,NORMAL
70.57280901686043,2.4522808256592814,8.223635181231245,1312.2949162157593,RPM_FAULT
74.27531083832757,2.7439195900243476,7.755245538817788,1416.6769175893157,NORMAL
75.22215700765621,2.0592831090195265,9.676414752802891,1432.9711510980026,NORMAL
72.72711594251308,2.284680376126499,13.335462737897624,1425.1938131055463,OVERCURRENT
66.83241468692897,1.6249760276438803,7.746944119614202,1463.5952548094228,NORMAL
82.2891697943048,3.827711840141225,9.151615622359973,1406.5469526841284,VIBRATION_FAULT
65.02823959364125,1.6452430416805206,7.447082788846349,1498.2085420794397,NORMAL
68.38290146994999,2.329845968317804,8.39417756754475,1449.4322933403726,NORMAL
91.54033595645728,2.2114746023759175,8.819239601123089,1445.9808134767595,OVERHEATING
82.5718286117013,5.204865328307072,8.095126062587166,1476.849904201849,VIBRATION_FAULT
77.66594816845524,2.708789716383933,8.60698777734559,1484.0285527007206,NORMAL
74.9008701618892,2.7046211988750946,12.984795654789902,1431.1309934924052,OVERCURRENT
72.57091984519532,5.613696865830092,9.580741795425256,1429.50188121994,VIBRATION_FAULT
91.43267430448272,6.80681151224317,14.028422319853052,1214.9600539284938,CRITICAL_FAULT
77.10057098447322,3.1423353215920775,9.341693138493822,1434.7530651334725,NORMAL
74.99222368374348,2.2078400785139425,11.00957886239711,1474.2355326036363,OVERCURRENT
72.46654932062245,3.2105112149148454,10.850124703070602,1237.0425081520962,RPM_FAULT
76.29319735195593,3.8679819939347655,8.667379436603275,1452.9641497546515,VIBRATION_FAULT
65.98026014451577,2.4994700767795095,8.155882144821708,1474.8518053664338,NORMAL
86.60550813912769,2.4239641722195167,10.49954196715014,1459.0274183865586,OVERHEATING
66.75475844548286,2.7493872854258976,9.06155228421849,1407.0469826562244,NORMAL
91.13869427974922,4.940178783703184,13.006706039479603,1274.3335301809416,CRITICAL_FAULT
78.84336453342702,4.876945407421177,8.975339466146819,1387.7466527771387,VIBRATION_FAULT
67.07465535953202,2.7555781349595723,9.6147502908855,1434.0512975976606,NORMAL
65.08462779801958,2.4212473240554724,8.786806070600402,1447.8755129984797,NORMAL
72.81566668533932,5.08171949586078,10.639862505122345,1392.9145783069039,VIBRATION_FAULT
93.3928052926757,3.2256081402468437,10.015791708920023,1381.1442934853442,OVERHEATING
88.31561351479228,2.623712076966349,7.47500539946034,1462.1263010278076,OVERHEATING
70.25078302668304,2.933598249972958,8.313325085753906,1465.7213667585938,NORMAL
66.36137522110224,1.7179279566964187,7.325773365215344,1470.747105613885,NORMAL
74.40315384192677,1.6253915497454716,7.55940050813723,1444.3482662728884,NORMAL
75.92613614543428,2.8795267794352535,9.258143620926035,1491.66722599677,NORMAL
97.54694292363537,5.830593883872538,13.771364604765049,1227.4032813335737,CRITICAL_FAULT
76.47197483742764,2.9048662619849885,9.013078922067864,1260.1382811968426,RPM_FAULT
71.26779384010425,1.8434132902360627,9.326511631437986,1425.3181998069329,NORMAL
71.56983884784816,2.552467043603915,8.142295278162551,1420.733037110328,NORMAL
81.82784447843439,2.6191325589289076,9.043440272905297,1485.8392865315639,OVERHEATING
82.36095365214905,3.256022086214231,9.783364966975096,1388.353399763351,OVERHEATING
92.69450178447335,5.0564187437685,13.517664249135514,1223.808063515784,CRITICAL_FAULT
77.00229357781656,4.141068295581774,7.57879579729296,1423.6809165797301,VIBRATION_FAULT
68.86617720804173,1.9313303834133522,9.099706529442077,1460.1207991020738,NORMAL
85.26396638172506,2.261348446931388,8.341515562403698,1456.5818666293842,OVERHEATING
89.06478792260272,2.522316100318877,7.868913085779982,1499.9553066866595,OVERHEATING
99.769596413879,4.507327458317394,14.453335572657595,1178.5744521357365,CRITICAL_FAULT
84.61611442479368,3.1289261979331897,9.456891594415612,1242.5412754089523,RPM_FAULT
86.01310081300802,3.1768732789310565,8.252863195788533,1387.358701680225,OVERHEATING
86.57596666492779,5.346217943431631,13.03900125664416,1180.4850335517344,CRITICAL_FAULT
85.13401706959273,3.276102759231214,9.279710220368418,1467.277604474647,OVERHEATING
83.52853707460078,3.9209984344633746,9.423445958530904,1424.8685213005435,VIBRATION_FAULT
94.09820309100621,3.2512854524281636,8.894213931123252,1461.7594655548653,OVERHEATING
78.42281212869392,5.684694760063411,8.28722244239298,1428.5987348958138,VIBRATION_FAULT
72.68382243061612,2.0784093940133315,9.478813068631904,1412.7894762397832,NORMAL
73.63691187294131,1.9388047546001557,7.278802903751984,1407.2769055834046,NORMAL
83.50384441718043,5.532811547413533,9.484429746102887,1406.0642567038788,VIBRATION_FAULT
78.333990339234,2.401541957650998,10.893513008221666,1415.558825047433,OVERCURRENT
65.85231724894057,1.7988653397786778,9.630938492746886,1447.3247853358905,NORMAL
93.74717821282815,2.897411816377565,9.096906765762624,1472.372826826078,OVERHEATING
66.0132874041953,1.761851571717814,7.472099072062292,1447.4335648642978,NORMAL
90.63251262352155,2.6369230278275877,9.572615409565744,1483.4154142475065,OVERHEATING
77.02525272356978,1.8871007343947175,8.266889880626827,1488.102189794768,NORMAL
83.99254283156702,4.285918410007476,8.495306413184005,1356.0000219961148,VIBRATION_FAULT
76.5347214693851,4.0196233163475465,9.296571120769613,1368.0889730556505,VIBRATION_FAULT
89.9198957108854,6.281403637136662,12.287085338898699,1162.03740507124,CRITICAL_FAULT
92.75836214589296,4.109391258351145,11.299349763518379,1259.3333608849064,CRITICAL_FAULT
68.34727034145423,1.9993720292518868,9.512463553423952,1470.7573587862291,NORMAL
72.35732868806834,3.963575181564038,10.883812490330994,1360.0431195812157,VIBRATION_FAULT
80.32884525467085,2.4016505663813765,13.269671572040217,1381.1915948398218,OVERCURRENT
69.3317497814352,3.138953894442888,7.221726149521855,1479.0928182224584,NORMAL
87.5771675639255,3.421219991156848,9.832168910430452,1385.7560695337374,OVERHEATING
72.37225832010219,1.8922647283162428,9.916055632136676,1475.3146665910413,NORMAL
82.79605839999626,5.818803923821251,10.924630385131586,1475.2242066544416,VIBRATION_FAULT
84.39177873020718,2.3687114071549322,13.747379882231414,1425.0907853657168,OVERCURRENT
93.35651114687957,3.2226366590920055,9.237983988525643,1401.5958793040372,OVERHEATING
74.43592479689957,4.279825364421925,9.641960582564828,1425.2693757295008,VIBRATION_FAULT
72.73694230055224,2.569219340176983,8.865195022803512,1430.9175304259472,NORMAL
72.61858072789686,2.066953697105928,13.139692582264763,1382.3237475899439,OVERCURRENT
90.22263753510532,3.3321972686086156,7.67333105082628,1484.2509702393118,OVERHEATING
78.86217200358931,3.05258886506509,13.808023462540158,1373.4943611605497,OVERCURRENT
93.35107798717316,6.756796155625422,11.738111248456182,1241.199860820041,CRITICAL_FAULT
71.21762384803525,2.0367805216268478,7.116333671787799,1492.940815911028,NORMAL
74.56956518277048,1.9239892470152122,9.686086723865861,1459.935214607446,NORMAL
72.1177008435618,5.525892259674381,8.649072196639038,1379.2710794942518,VIBRATION_FAULT
82.52328737622754,2.7452540379664425,11.447243455563418,1394.8687370500743,OVERCURRENT
67.60067083691098,1.7237041160311857,8.40770615049242,1422.3124975822886,NORMAL
81.89848215448153,5.856340372352384,9.147236874378626,1357.7748728926704,VIBRATION_FAULT
94.98413998008668,5.245717386351654,12.57112641932579,1158.2900549148605,CRITICAL_FAULT
77.96348268813136,2.0027393257561514,7.194452483094705,1400.175626941448,NORMAL
74.33181382049241,2.2381623189151023,7.551602612521461,1453.4128014990233,NORMAL
81.86321195525085,4.133496892482677,10.535354720754881,1378.2337149187795,VIBRATION_FAULT
83.32050983428735,2.782042569295693,8.914160418078595,1401.918866158877,OVERHEATING
67.7779274412393,2.7054163139467597,7.116218506815325,1488.9079427781523,NORMAL
82.36154325723042,2.2309292527281444,9.014421361146534,1240.5612401284188,RPM_FAULT
91.42171602845647,2.495369275072441,7.974866400395369,1469.7650866913812,OVERHEATING
72.38168127322028,5.770387322581179,9.433028904066433,1472.592005665152,VIBRATION_FAULT
79.1395903485449,2.9958528741826242,11.499701080265497,1364.2760975018036,RPM_FAULT
86.04956676477936,2.2875361679415396,9.29139997783604,1431.0560183750047,OVERHEATING
82.62765158062425,3.281223148306916,8.54938292046255,1278.4753704439108,RPM_FAULT
84.86984280677692,4.378002757430357,10.426358038747198,1390.0532018841072,VIBRATION_FAULT
92.44879941974054,6.073654771613651,11.43117535544063,1164.25956924045,CRITICAL_FAULT
78.04510359827952,3.762423170955586,9.831913727041055,1439.8980957002757,VIBRATION_FAULT
73.69105226918121,2.250996607936912,9.243743536034813,1467.951447727596,NORMAL
81.39506116709389,3.125774201371377,13.270645798628307,1412.973518397153,OVERCURRENT
75.59285702816237,4.55352162365641,8.490940754363102,1359.9664307381156,VIBRATION_FAULT
91.65295713099076,3.27833534148994,10.480459441776935,1447.750138949844,OVERHEATING
70.67745461880276,2.6357545699134786,9.341769260584051,1456.5636932572845,NORMAL
92.91006422057647,2.9228628887990142,9.847293209042132,1438.7863019467231,OVERHEATING
69.67856234888613,2.862327130591461,9.958664257058992,1410.1357533878952,NORMAL
76.78796087252138,1.5082163358417318,7.136640783215086,1485.9308311401733,NORMAL
75.88197704801651,4.139468819773672,10.745667603749078,1316.9735134245498,RPM_FAULT
79.67447103347601,3.841209006975109,9.09324738223891,1374.8796848398,VIBRATION_FAULT
77.63659995884737,2.7180066488080454,10.964640369546352,1387.6039777015474,OVERCURRENT
77.18354786485921,1.5644978611092333,7.207371790146327,1496.1406985942804,NORMAL
72.70256584489579,2.9542047171579044,9.770600013682166,1448.2590112138328,NORMAL
75.73093234664067,1.5358241395280885,9.489084719824938,1417.980713256416,NORMAL
66.7185502029309,2.0073631697044108,9.36693231667212,1401.7621640217496,NORMAL
67.67377374354832,1.6529028556686591,8.54299670689194,1440.5174345414644,NORMAL
72.93428174716713,2.4116838400137692,9.573670708311637,1438.2283717691716,NORMAL
72.4476848590377,5.301569656334713,7.55128607061534,1430.049512848491,VIBRATION_FAULT
67.70239483936244,2.817711303282648,8.082798683109313,1445.3478143076006,NORMAL
73.96829804856162,2.488269783397661,9.197209789595352,1491.2778779036864,NORMAL
65.42758083532047,3.1299652910449725,7.567805551707055,1494.6794001821536,NORMAL
72.59397936049903,4.461077545393109,9.580944663109287,1387.9784851988622,VIBRATION_FAULT
65.44532330405487,2.1626868289906307,8.565905365144287,1421.6161341839556,NORMAL
81.28773940767879,3.316852951971504,8.36577734350756,1437.935490052074,OVERHEATING
86.90997957557212,2.4922629673082657,9.36865593516733,1408.8036138993807,OVERHEATING
83.00537782404518,2.692081630924359,8.525478881646988,1456.5012215272172,OVERHEATING
68.1266180203543,2.30897871719898,7.419264918495013,1469.2285598102758,NORMAL
74.92448654535586,3.1911367606091208,9.157104503856306,1464.885203243291,NORMAL
75.36959815774199,2.4502123463396464,8.090310157276555,1447.2588553734556,NORMAL
77.28386239151723,2.5969316895189376,8.69477689872635,1421.2645427506802,NORMAL
68.30738469837146,3.0148007918545243,7.054284991964863,1439.7932219900108,NORMAL
77.9663121147871,5.1589900044426145,9.571222787024134,1425.0051778214315,VIBRATION_FAULT
76.86533595671371,2.3793791679648133,9.803036216751629,1444.3047327554468,NORMAL
74.61128397154596,5.382238309572721,8.383506521654551,1355.0569237707668,VIBRATION_FAULT
77.84855584541663,2.870947170481564,13.692469045039568,1419.4613201957227,OVERCURRENT
72.47701788722867,3.026269667299971,8.719104065505492,1419.3144737000341,NORMAL
82.14626534429576,5.703765650624679,8.24888041910418,1395.09382203103,VIBRATION_FAULT
68.77651567407568,1.6384458546107892,8.897341924259434,1426.000424737154,NORMAL
93.33373638523982,6.096445253791892,14.531225459212271,1169.3630483884228,CRITICAL_FAULT
70.82044963677377,2.7941235580539026,7.17974646632803,1406.3253261139982,NORMAL
73.39698054045867,2.2326126528663557,13.923690538803037,1366.4199719765102,OVERCURRENT
76.56159072335464,2.217956321688385,9.748592354165577,1491.1311967684157,NORMAL
81.65815697452796,2.064000799395076,9.54729600267844,1351.9009981367763,RPM_FAULT
76.01985222711777,3.040344762381457,8.727373473013836,1401.4089271631358,NORMAL
71.24452915031178,1.688335587023447,7.4808553973644765,1414.0345396052699,NORMAL
79.04163525067113,3.721833821177274,10.476800802196447,1469.0197109471837,VIBRATION_FAULT
66.40938879168007,2.0072939842504747,7.357304297303429,1406.6656545754893,NORMAL
75.8102678454419,4.796697867979276,9.682078443609184,1394.710701390645,VIBRATION_FAULT
86.15563182008323,3.3562035055417154,7.694299366604701,1489.3397281061914,OVERHEATING
98.1023836917827,4.82687942615355,13.242830541631996,1228.3048840572878,CRITICAL_FAULT
94.03316026416645,5.164264341060527,14.215977161140712,1180.9185064560775,CRITICAL_FAULT
72.59613408946001,1.5450412731077452,9.739460843568716,1402.2814706683405,NORMAL
71.83505421016147,1.6466388441073343,7.459434539213804,1432.99798959444,NORMAL
75.51135589658122,3.697676628570661,9.532202631845054,1463.7585478679393,VIBRATION_FAULT
88.43162274017493,2.624552059259589,8.872068604070217,1406.9918433937357,OVERHEATING
98.9373514339201,5.465031852610749,14.004209478341204,1162.0511974156357,CRITICAL_FAULT
76.24527660479478,1.536952505689054,7.6760354797531924,1482.9868383829844,NORMAL
80.15551088102549,3.011813392806398,10.711907392152293,1430.364901139657,OVERCURRENT
93.2148424594493,2.936896399949344,9.325088202240838,1473.8440301426463,OVERHEATING
77.43046210986492,5.48537116306345,8.220324349841107,1477.8367501201437,VIBRATION_FAULT
73.43633995753892,1.8659682467453893,8.577735182518065,1460.5080983023138,NORMAL
76.53282080634517,1.609320147558038,8.9374663931802,1489.57083487841,NORMAL
71.28657349307643,2.557037295015199,7.352881680869898,1486.2133087382113,NORMAL
92.20183728295751,3.199092486552333,8.237845876407622,1408.3696645654054,OVERHEATING
66.96856188271283,2.3222910604820437,8.684753204371056,1411.4495556721652,NORMAL
72.03797766844488,2.7769655879803086,7.678596574372361,1454.965014900031,NORMAL
83.60516585633098,2.1411014912764763,13.353690603550767,1357.6030344201652,OVERCURRENT
69.26975951996167,1.5174714189005116,8.847787056898474,1477.244752944555,NORMAL
94.69570439754443,3.1854160781785796,8.117601869638126,1458.5993515173932,OVERHEATING
84.87685102976732,3.4412709852696723,13.187652577009352,1365.4474505367598,OVERCURRENT
88.0851775955354,2.217513142997765,9.165228205185281,1470.7764238867883,OVERHEATING
88.18770643179843,6.369383616937201,13.266151089295011,1157.8037291192709,CRITICAL_FAULT
84.35207857467162,3.7293018858924984,10.90199626363228,1433.7625998799103,VIBRATION_FAULT
81.11044832955277,2.8257161921669094,10.072484172750224,1342.8406667190322,RPM_FAULT
72.55891905751692,2.63669119768839,9.460513856693234,1438.9180244324757,NORMAL
72.68940056506986,3.266781981633666,10.250704763270264,1233.5812852692243,RPM_FAULT
82.77206840297032,4.874236921313267,10.316445415558587,1438.2451190100046,VIBRATION_FAULT
84.5203511922572,2.1426769055517525,9.486927504969403,1385.6118134260573,OVERHEATING
70.23787058085658,1.5429589599617903,9.301495314771682,1481.157378924115,NORMAL
81.19784240273356,2.359987441532482,11.634095927795936,1456.4929542709092,OVERCURRENT
80.5158942608964,4.216562690399833,8.951962296426522,1414.8437557220354,VIBRATION_FAULT
65.83151127333525,3.013293960865375,7.453031695519662,1448.146498531106,NORMAL
70.09203067153436,1.8152843806169772,9.495400867853228,1436.3462880665245,NORMAL
68.88129307548712,1.957480712091836,8.956741161836323,1463.6806423072292,NORMAL
65.52868719604162,1.744448119228045,8.53289764454557,1460.8808898925115,NORMAL
82.24577166161703,2.2704180856367344,10.430355257149792,1204.8983842175426,RPM_FAULT
68.7143027187405,1.839472393526381,8.036467153350923,1470.7843412182142,NORMAL
79.75258230672743,2.0206659909029723,12.399745024680925,1474.2083618750105,OVERCURRENT
77.80984502466978,2.334985148747027,8.735909101282461,1466.6013870667812,NORMAL
75.81486881885718,5.815500789066819,10.285623779287212,1372.0374664143528,VIBRATION_FAULT
65.27970831403744,3.1078732479918587,7.762563984508029,1409.8381047373769,NORMAL
75.83328378386842,2.8873497011968716,12.289984095102467,1306.0107833705256,OVERCURRENT
67.82591172930017,2.1001392766991196,7.306233361885412,1430.0525401674058,NORMAL
72.26451396472447,2.343883584395013,9.885403117874763,1454.8047395410147,NORMAL
77.42559874194114,2.040289289711068,9.828118744688412,1418.4214536092802,NORMAL
75.83158637858872,2.8954974206653925,8.418844947894808,1459.5529248623395,NORMAL
98.48503122363934,4.569623036499603,11.225578719760964,1194.6068173926499,CRITICAL_FAULT
93.54753215496423,5.707264067992554,14.981019267226012,1236.0790127193427,CRITICAL_FAULT
75.57020516153067,2.5677738915222577,12.200265863660269,1329.4570920754222,OVERCURRENT
